InventoryId,Store,Brand,Description,Size,VendorNumber,VendorName,PONumber,PODate,ReceivingDate,InvoiceDate,PayDate,PurchasePrice,Quantity,Dollars,Classification
54_GUTHRAM_2057,54,2057,Rebel Yell Root Beer Bourbon,50mL,8352,LUXCO INC                  ,11719,2024-08-19,2024-08-26,2024-09-04,2024-10-13,0.77,120,92.4,1
76_DONCASTER_21609,76,21609,Josh Cellars Legacy Red,750mL,4425,MARTIGNETTI COMPANIES,11928,2024-09-02,2024-09-06,2024-09-14,2024-10-24,9.58,12,114.96,2
64_CESTERFIELD_5090,64,5090,El Charro Silver Tequila,750mL,8004,SAZERAC CO INC             ,12476,2024-10-05,2024-10-13,2024-10-24,2024-12-03,10.23,12,122.76,1
73_DONCASTER_3915,73,3915,Sauza Silver Tequila,750mL,12546,JIM BEAM BRANDS COMPANY    ,12222,2024-09-22,2024-09-27,2024-10-04,2024-11-03,9.48,24,227.52,1
57_LANTEGLOS_3041,57,3041,Zhenka Pink Lemonade Vodka,1.75L,9552,M S WALKER INC             ,12115,2024-09-15,2024-09-23,2024-09-26,2024-11-06,5.83,5,29.15,1
6_GOULCREST_23861,6,23861,Concannon Founder Chard,750mL,9815,WINE GROUP INC             ,11833,2024-08-26,2024-08-29,2024-09-07,2024-10-08,5.95,9,53.55,2
55_DRY GULCH_13179,55,13179,Cinquante-Cinq Viogn Lang Wh,750mL,90011,FORTUNE WINE BROKERS LLC   ,10359,2024-05-24,2024-05-31,2024-06-11,2024-07-12,9.03,12,108.36,2
33_HORNSEY_42099,33,42099,Bota Box Pnt Grigio Cal,3L,2242,DELICATO VINEYARDS INC     ,9494,2024-03-24,2024-03-29,2024-04-12,2024-05-10,11.4,3,34.2,2
15_WANBORNE_14342,15,14342,Cupcake Pnt Nr,750mL,9815,WINE GROUP INC             ,11936,2024-09-02,2024-09-09,2024-09-19,2024-10-18,4.6,9,41.4,2
64_CESTERFIELD_1233,64,1233,Jack Daniels No 7 Black,1.75L,1128,BROWN-FORMAN CORP          ,10224,2024-05-15,2024-05-26,2024-06-05,2024-07-14,26.27,12,315.24,1
74_PAENTMARWY_8658,74,8658,Absente 'Absinthe Refined',750mL,6213,MHW LTD                    ,9235,2024-03-07,2024-03-18,2024-03-21,2024-05-02,24.28,3,72.84,1
49_GARIGILL_6655,49,6655,Carlo Rossi Paisano Calif,1.5L,3252,E & J GALLO WINERY         ,10953,2024-06-28,2024-07-06,2024-07-13,2024-08-14,4.79,6,28.74,2
42_BLACK HOLLOW_31489,42,31489,Barefoot Chard Cal,1.5L,3252,E & J GALLO WINERY         ,8999,2024-02-19,2024-02-24,2024-02-29,2024-04-10,5.71,6,34.26,2
43_WOLFORD_14006,43,14006,Apothic Winemakers Red Blend,750mL,3252,E & J GALLO WINERY         ,8238,2023-12-29,2024-01-06,2024-01-18,2024-02-14,5.44,12,65.28,2
55_DRY GULCH_32989,55,32989,Barefoot Cab Svgn Cal,1.5L,3252,E & J GALLO WINERY         ,10617,2024-06-10,2024-06-15,2024-06-24,2024-08-01,5.78,3,17.34,2
73_DONCASTER_21317,73,21317,Bartenura Moscato,750mL,4425,MARTIGNETTI COMPANIES,11693,2024-08-17,2024-08-23,2024-08-31,2024-10-15,9.33,11,102.63,2
7_STANMORE_21101,7,21101,Niner Twisted Spur 10 Red,750mL,653,STATE WINE & SPIRITS   ,11933,2024-09-02,2024-09-09,2024-09-17,2024-10-29,12.24,12,146.88,2
25_CAERSHIRE_17345,25,17345,Bogle Essential Red,750mL,4425,MARTIGNETTI COMPANIES,13362,2024-12-05,2024-12-13,2024-12-26,2025-01-23,6.01,11,66.11,2
60_IRRAGIN_10666,60,10666,Clayhouse Adobe Cntrl Cst Wh,750mL,4425,MARTIGNETTI COMPANIES,12995,2024-11-09,2024-11-18,2024-11-29,2025-01-03,7.74,21,162.54,2
13_TARMSWORTH_5365,13,5365,Kahlua,750mL,17035,PERNOD RICARD USA          ,11372,2024-07-26,2024-08-03,2024-08-12,2024-09-12,14.84,10,148.4,1
68_SOLARIS_31454,68,31454,Foxhorn SE Chard Australia,1.5L,9815,WINE GROUP INC             ,12391,2024-09-29,2024-10-05,2024-10-16,2024-11-17,4.79,7,33.53,2
76_DONCASTER_8654,76,8654,M & R Sweet Vermouth,375mL,480,BACARDI USA INC            ,11606,2024-08-11,2024-08-15,2024-08-28,2024-10-01,3.55,23,81.65,2
9_BLACKPOOL_3218,9,3218,Firefly Sweet Tea Vodka,750mL,8004,SAZERAC CO INC             ,11218,2024-07-15,2024-07-20,2024-07-27,2024-09-10,10.23,12,122.76,1
64_CESTERFIELD_3243,64,3243,Burnetts Vodka,1.75L,3924,HEAVEN HILL DISTILLERIES   ,10800,2024-06-23,2024-06-30,2024-07-11,2024-08-14,8.26,3,24.78,1
2_ASHBORNE_3680,2,3680,Stolichnaya Ohranj,1.75L,8664,"STOLI GROUP,(USA) LLC      ",11254,2024-07-18,2024-07-30,2024-08-09,2024-09-01,18.93,35,662.55,1
73_DONCASTER_5707,73,5707,Art in the Age Rhubarb Tea,750mL,3664,WILLIAM GRANT & SONS INC   ,13569,2024-12-18,2024-12-27,2025-01-10,2025-02-12,21.42,6,128.52,1
39_EASTHALLOW_35464,39,35464,Stags Leap Artemis Cab Svgn,750mL,8673,STE MICHELLE WINE ESTATES  ,13498,2024-12-13,2024-12-22,2024-12-29,2025-01-31,28.44,11,312.84,2
76_DONCASTER_3348,76,3348,Bombay Sapphire Gin,1.75L,480,BACARDI USA INC            ,11859,2024-08-30,2024-09-06,2024-09-20,2024-10-22,22.38,59,1320.42,1
73_DONCASTER_6356,73,6356,Taylor Cream Sherry,1.5L,1392,CONSTELLATION BRANDS INC   ,12840,2024-10-31,2024-11-10,2024-11-18,2024-12-23,5.16,5,25.8,2
76_DONCASTER_41072,76,41072,Angeline Pnt Nr Rsv,750mL,9552,M S WALKER INC             ,9939,2024-04-25,2024-05-06,2024-05-16,2024-06-09,8.16,2,16.32,2
18_FURNESS_3684,18,3684,Fleischmanns Royal Vodka,1.75L,660,SAZERAC NORTH AMERICA INC. ,9663,2024-04-05,2024-04-15,2024-04-22,2024-06-05,7.68,6,46.08,1
57_LANTEGLOS_2676,57,2676,Grand MacNish,1.75L,9552,M S WALKER INC             ,9698,2024-04-07,2024-04-14,2024-04-22,2024-05-25,10.93,6,65.58,1
73_DONCASTER_1868,73,1868,Lagavulin Single Malt 16-Yr,750mL,3960,DIAGEO NORTH AMERICA INC   ,11191,2024-07-14,2024-07-20,2024-08-01,2024-09-07,49.62,11,545.82,1
71_CLARCTON_5734,71,5734,Malibu Rum,1.75L,17035,PERNOD RICARD USA          ,8866,2024-02-10,2024-02-15,2024-02-26,2024-04-05,15.82,5,79.1,1
49_GARIGILL_36874,49,36874,Yellow Tail Merlot Ausl,750mL,4425,MARTIGNETTI COMPANIES,9350,2024-03-15,2024-03-23,2024-04-01,2024-05-01,4.63,24,111.12,2
49_GARIGILL_5410,49,5410,Raspberry di Amore,750mL,660,SAZERAC NORTH AMERICA INC. ,8751,2024-02-02,2024-02-10,2024-02-18,2024-04-01,6.15,12,73.8,1
41_LARNWICK_10723,41,10723,R M Woodbridge Chard,1.5L,1392,CONSTELLATION BRANDS INC   ,12792,2024-10-27,2024-11-02,2024-11-08,2024-12-16,6.2,20,124.0,2
66_EANVERNESS_10874,66,10874,Cantine Maschio Prosecco Brt,750mL,516,BANFI PRODUCTS CORP        ,12392,2024-09-30,2024-10-04,2024-10-16,2024-11-20,7.53,12,90.36,2
25_CAERSHIRE_4359,25,4359,Mr Boston Light Rum,1.75L,660,SAZERAC NORTH AMERICA INC. ,8820,2024-02-07,2024-02-19,2024-02-24,2024-04-10,7.71,5,38.55,1
30_CULCHETH_12203,30,12203,Cavit Prosecco Lunetta,187mL 3 Pk,6785,PALM BAY INTERNATIONAL INC ,9541,2024-03-28,2024-04-04,2024-04-15,2024-05-25,6.84,8,54.72,2
42_BLACK HOLLOW_1359,42,1359,Knob Creek Rye,750mL,12546,JIM BEAM BRANDS COMPANY    ,9772,2024-04-13,2024-04-21,2024-04-30,2024-06-12,21.87,6,131.22,1
70_KELD_6312,70,6312,Gallo Twin Valley Svgn Bl Ca,1.5L,3252,E & J GALLO WINERY         ,8537,2024-01-19,2024-01-29,2024-02-07,2024-03-08,6.75,6,40.5,2
72_HARDERSFIELD_2757,72,2757,Johnnie Walker Red Label,1.75L,3960,DIAGEO NORTH AMERICA INC   ,13320,2024-12-02,2024-12-09,2024-12-19,2025-01-13,22.38,2,44.76,1
54_GUTHRAM_23095,54,23095,Glen Ellen Cab Svgn RSV,1.5L,9815,WINE GROUP INC             ,9045,2024-02-22,2024-03-04,2024-03-13,2024-04-08,4.76,3,14.28,2
11_CARDEND_11828,11,11828,Cupcake Svgn Bl,750mL,9815,WINE GROUP INC             ,8943,2024-02-15,2024-02-23,2024-02-29,2024-04-09,3.97,45,178.65,2
40_BULLMAR_6542,40,6542,Melini Borghi D'Elsa Chiant,750mL,9744,FREDERICK WILDMAN & SONS   ,9836,2024-04-18,2024-04-28,2024-05-04,2024-06-12,3.71,9,33.39,2
5_SUTTON_6214,5,6214,Taylor Red Port,3L,1392,CONSTELLATION BRANDS INC   ,9283,2024-03-10,2024-03-18,2024-03-28,2024-04-27,9.08,4,36.32,2
52_GRAYCOTT_3784,52,3784,Margaritaville Gold Tequila,750mL,8004,SAZERAC CO INC             ,10181,2024-05-11,2024-05-20,2024-05-24,2024-07-08,7.29,12,87.48,1
74_PAENTMARWY_3216,74,3216,Fleischmanns X Dry Gin,1.75L,660,SAZERAC NORTH AMERICA INC. ,9611,2024-04-01,2024-04-08,2024-04-15,2024-05-25,7.68,6,46.08,1
34_PITMERDEN_28890,34,28890,Peter Vella Wh Znfdl Cal,5L,3252,E & J GALLO WINERY         ,13358,2024-12-05,2024-12-12,2024-12-21,2025-02-01,9.99,4,39.96,2
69_MOUNTMEND_3348,69,3348,Bombay Sapphire Gin,1.75L,480,BACARDI USA INC            ,13238,2024-11-27,2024-12-06,2024-12-20,2025-01-23,22.38,17,380.46,1
73_DONCASTER_2749,73,2749,John Begg Blue Cap,1.75L,3960,DIAGEO NORTH AMERICA INC   ,11907,2024-09-01,2024-09-07,2024-09-13,2024-10-19,13.38,6,80.28,1
76_DONCASTER_2723,76,2723,J & B Rare,1.75L,3960,DIAGEO NORTH AMERICA INC   ,11670,2024-08-16,2024-08-25,2024-09-01,2024-10-13,21.42,5,107.1,1
51_ABERDEEN_5507,51,5507,Arrow Blackberry Brandy,750mL,8352,LUXCO INC                  ,9153,2024-03-01,2024-03-11,2024-03-21,2024-04-19,4.54,9,40.86,1
10_HORNSEY_3505,10,3505,Tito's Handmade Vodka,750mL,4425,MARTIGNETTI COMPANIES,12848,2024-10-31,2024-11-12,2024-11-20,2024-12-21,13.76,9,123.84,1
9_BLACKPOOL_27351,9,27351,Almaden Chard Cal B/B,5L,9815,WINE GROUP INC             ,10256,2024-05-16,2024-05-25,2024-06-05,2024-07-12,10.38,4,41.52,2
74_PAENTMARWY_4565,74,4565,Christian Bros VS Brandy,750mL,3924,HEAVEN HILL DISTILLERIES   ,12397,2024-09-30,2024-10-05,2024-10-11,2024-11-10,6.71,11,73.81,1
32_MOUNTMEND_3893,32,3893,Zhenka 80 Proof,1.75L,9552,M S WALKER INC             ,11497,2024-08-04,2024-08-12,2024-08-17,2024-09-18,7.93,8,63.44,1
51_ABERDEEN_1623,51,1623,Bulleit 95 Rye,375mL,3960,DIAGEO NORTH AMERICA INC   ,13487,2024-12-13,2024-12-19,2024-12-29,2025-02-06,10.07,12,120.84,1
60_IRRAGIN_5734,60,5734,Malibu Rum,1.75L,17035,PERNOD RICARD USA          ,10179,2024-05-11,2024-05-20,2024-05-28,2024-06-30,15.82,9,142.38,1
32_MOUNTMEND_4291,32,4291,Ronrico Gold,1.75L,12546,JIM BEAM BRANDS COMPANY    ,11549,2024-08-08,2024-08-17,2024-08-24,2024-09-22,10.39,4,41.56,1
38_GOULCREST_44292,38,44292,Woop Woop Shiraz,750mL,10754,PERFECTA WINES             ,10107,2024-05-06,2024-05-12,2024-05-21,2024-06-20,8.38,12,100.56,2
30_CULCHETH_39413,30,39413,Mirassou Pnt Nr Cntrl Coast,750mL,3252,E & J GALLO WINERY         ,12586,2024-10-13,2024-10-20,2024-10-31,2024-12-02,5.06,12,60.72,2
59_CLAETHORPES_19453,59,19453,Wente Southern Hill Cab Svgn,750mL,2000,SOUTHERN WINE & SPIRITS NE ,10545,2024-06-05,2024-06-15,2024-06-23,2024-08-05,9.65,12,115.8,2
76_DONCASTER_36344,76,36344,Latour Pinot Noir Valmoissin,750mL,9552,M S WALKER INC             ,11287,2024-07-20,2024-07-25,2024-08-03,2024-09-16,8.72,12,104.64,2
76_DONCASTER_41034,76,41034,Menage a Trois Red,750mL,8892,TRINCHERO FAMILY ESTATES   ,12837,2024-10-30,2024-11-08,2024-11-20,2024-12-25,5.26,18,94.68,2
5_SUTTON_3606,5,3606,Smirnoff Raspberry Vodka,50mL,3960,DIAGEO NORTH AMERICA INC   ,12149,2024-09-18,2024-09-30,2024-10-08,2024-11-07,0.74,106,78.44,1
40_BULLMAR_7725,40,7725,Great Western Brut,750mL,9165,ULTRA BEVERAGE COMPANY LLP ,13604,2024-12-20,2024-12-27,2025-01-03,2025-02-02,6.07,24,145.68,2
60_IRRAGIN_3456,60,3456,Tanqueray Sterling Vodka,1.75L,3960,DIAGEO NORTH AMERICA INC   ,11493,2024-08-04,2024-08-08,2024-08-17,2024-10-02,13.27,4,53.08,1
48_NORFOLK_1348,48,1348,Knob Creek Bourbon,375mL,12546,JIM BEAM BRANDS COMPANY    ,9118,2024-02-28,2024-03-12,2024-03-19,2024-04-21,11.84,12,142.08,1
50_MOUNTMEND_39356,50,39356,Bota Box Chard Cal,3L,2242,DELICATO VINEYARDS INC     ,12811,2024-10-28,2024-11-04,2024-11-07,2024-12-14,11.56,2,23.12,2
75_BARNCOMBE_16477,75,16477,Cupcake Angel Food,750mL,9815,WINE GROUP INC             ,8943,2024-02-15,2024-02-23,2024-02-29,2024-04-09,4.76,12,57.12,2
33_HORNSEY_25539,33,25539,Three Knights Svgn Bl,750mL,653,STATE WINE & SPIRITS   ,10994,2024-06-30,2024-07-07,2024-07-15,2024-08-25,7.09,12,85.08,2
6_GOULCREST_4262,6,4262,Capt Morgan Spiced Rum,750mL,3960,DIAGEO NORTH AMERICA INC   ,12676,2024-10-19,2024-10-26,2024-11-06,2024-12-05,11.19,11,123.09,1
60_IRRAGIN_27835,60,27835,Wild Horse CC Pnt Nr,750mL,1392,CONSTELLATION BRANDS INC   ,12953,2024-11-07,2024-11-14,2024-11-21,2024-12-22,9.14,12,109.68,2
73_DONCASTER_6946,73,6946,Rosemount Diamond Cab Svgn,750mL,4425,MARTIGNETTI COMPANIES,11928,2024-09-02,2024-09-09,2024-09-14,2024-10-24,4.79,12,57.48,2
50_MOUNTMEND_415,50,415,Jose Cuervo Especial,Liter,7245,PROXIMO SPIRITS INC.       ,9881,2024-04-20,2024-04-25,2024-05-02,2024-06-09,13.04,12,156.48,1
60_IRRAGIN_8264,60,8264,Ch Ste Michelle Rsl,750mL,8673,STE MICHELLE WINE ESTATES  ,9780,2024-04-13,2024-04-21,2024-04-28,2024-06-10,5.37,8,42.96,2
1_HARDERSFIELD_6349,1,6349,Glen Ellen Chard RSV,1.5L,9815,WINE GROUP INC             ,9045,2024-02-22,2024-03-01,2024-03-13,2024-04-08,4.63,9,41.67,2
13_TARMSWORTH_4262,13,4262,Capt Morgan Spiced Rum,750mL,3960,DIAGEO NORTH AMERICA INC   ,11589,2024-08-10,2024-08-17,2024-08-30,2024-10-05,11.19,15,167.85,1
31_HORNSEY_8512,31,8512,Baileys Irish Cream,750mL,3960,DIAGEO NORTH AMERICA INC   ,9585,2024-03-31,2024-04-04,2024-04-15,2024-05-26,14.72,11,161.92,1
78_EASTHAVEN_3476,78,3476,Reyka Vodka,750mL,3664,WILLIAM GRANT & SONS INC   ,10643,2024-06-12,2024-06-23,2024-07-03,2024-08-14,15.5,6,93.0,1
6_GOULCREST_32294,6,32294,Dom Chandon Brut,187mL,8112,MOET HENNESSY USA INC      ,9462,2024-03-22,2024-03-30,2024-04-04,2024-05-08,2.97,22,65.34,2
76_DONCASTER_23539,76,23539,Vin Vault Chard,3L,3252,E & J GALLO WINERY         ,8537,2024-01-19,2024-01-28,2024-02-07,2024-03-08,12.41,6,74.46,2
2_ASHBORNE_21985,2,21985,Menage a Trois Midnight,750mL,8892,TRINCHERO FAMILY ESTATES   ,9444,2024-03-21,2024-03-31,2024-04-04,2024-05-11,6.59,36,237.24,2
42_BLACK HOLLOW_27145,42,27145,Schmitt Sohne QbA,750mL,9552,M S WALKER INC             ,8462,2024-01-13,2024-01-20,2024-01-30,2024-03-08,6.03,12,72.36,2
51_ABERDEEN_2889,51,2889,Buchanans Deluxe 12Yr Scotch,750mL,3960,DIAGEO NORTH AMERICA INC   ,10566,2024-06-07,2024-06-15,2024-06-20,2024-08-04,23.07,12,276.84,1
41_LARNWICK_8085,41,8085,Wild Turkey,1.75L,11567,CAMPARI AMERICA            ,12621,2024-10-16,2024-10-26,2024-11-03,2024-12-07,25.59,6,153.54,1
66_EANVERNESS_21864,66,21864,Dom Carneros Brut,750mL,4692,KOBRAND CORPORATION        ,9021,2024-02-21,2024-03-03,2024-03-14,2024-04-09,15.23,12,182.76,2
67_EANVERNESS_8112,67,8112,Stolichnaya,1.75L,8664,"STOLI GROUP,(USA) LLC      ",12175,2024-09-19,2024-09-29,2024-10-03,2024-11-12,19.52,14,273.28,1
9_BLACKPOOL_41530,9,41530,Septima Malbec Mendoza,750mL,9165,ULTRA BEVERAGE COMPANY LLP ,12947,2024-11-06,2024-11-16,2024-11-22,2025-01-08,5.84,12,70.08,2
21_BALERNO_361,21,361,Effen Cucumber Vodka,750mL,12546,JIM BEAM BRANDS COMPANY    ,11867,2024-08-30,2024-09-08,2024-09-13,2024-10-18,14.28,6,85.68,1
1_HARDERSFIELD_23143,1,23143,Bogle Chard,750mL,4425,MARTIGNETTI COMPANIES,9309,2024-03-11,2024-03-18,2024-03-22,2024-04-25,4.65,6,27.9,2
67_EANVERNESS_7994,67,7994,Stock Italian Sweet Vermouth,1.5L,8352,LUXCO INC                  ,11465,2024-08-02,2024-08-08,2024-08-15,2024-09-18,7.93,6,47.58,1
81_PEMBROKE_5102,81,5102,Brinley Shipwreck Coconut Cr,750mL,9165,ULTRA BEVERAGE COMPANY LLP ,13286,2024-11-29,2024-12-06,2024-12-18,2025-01-13,19.22,6,115.32,1
8_ALNERWICK_3549,8,3549,Ketel One Vodka,750mL,3960,DIAGEO NORTH AMERICA INC   ,8575,2024-01-21,2024-01-29,2024-02-03,2024-03-06,17.82,1,17.82,1
76_DONCASTER_11488,76,11488,C K Mondavi Cab Svgn,1.5L,2000,SOUTHERN WINE & SPIRITS NE ,11060,2024-07-04,2024-07-15,2024-07-20,2024-08-29,7.53,4,30.12,2
34_PITMERDEN_8473,34,8473,1800 Silver Tequila,1.75L,7245,PROXIMO SPIRITS INC.       ,11630,2024-08-12,2024-08-15,2024-08-26,2024-09-29,24.44,4,97.76,1
10_HORNSEY_18642,10,18642,Yellow Tail Pink Moscato,1.5L,4425,MARTIGNETTI COMPANIES,10757,2024-06-20,2024-06-29,2024-07-07,2024-08-21,5.81,18,104.58,2
49_GARIGILL_3584,49,3584,Absolut Raspberri,750mL,17035,PERNOD RICARD USA          ,8609,2024-01-24,2024-02-01,2024-02-08,2024-03-17,12.49,12,149.88,1
73_DONCASTER_43450,73,43450,Fish Eye Pnt Grigio,3L,9815,WINE GROUP INC             ,12234,2024-09-22,2024-09-29,2024-10-11,2024-11-09,11.33,6,67.98,2
15_WANBORNE_35709,15,35709,Colosi Sicilia Dry Red,750mL,9552,M S WALKER INC             ,10972,2024-06-29,2024-07-05,2024-07-13,2024-08-21,7.09,12,85.08,2
61_AETHELNEY_3405,61,3405,Tito's Handmade Vodka,1.75L,4425,MARTIGNETTI COMPANIES,8276,2023-12-31,2024-01-04,2024-01-18,2024-02-28,23.19,10,231.9,1
76_DONCASTER_5087,76,5087,Dr McGillicuddy's Peach,750mL,8004,SAZERAC CO INC             ,12684,2024-10-19,2024-10-24,2024-11-01,2024-12-11,9.35,11,102.85,1
79_BALLYMENA_115,79,115,Belvedere Vodka,Liter,8112,MOET HENNESSY USA INC      ,9171,2024-03-02,2024-03-08,2024-03-16,2024-04-20,21.37,5,106.85,1
11_CARDEND_42099,11,42099,Bota Box Pnt Grigio Cal,3L,2242,DELICATO VINEYARDS INC     ,10602,2024-06-09,2024-06-16,2024-06-21,2024-07-29,11.4,3,34.2,2
34_PITMERDEN_3104,34,3104,Smirnoff Whipped Cream,750mL,3960,DIAGEO NORTH AMERICA INC   ,13597,2024-12-20,2024-12-29,2025-01-10,2025-02-08,8.72,10,87.2,1
53_HILLFAR_44037,53,44037,Barefoot Pnt Grigio Cal,750mL,3252,E & J GALLO WINERY         ,12859,2024-11-01,2024-11-09,2024-11-16,2024-12-20,3.42,12,41.04,2
49_GARIGILL_2189,49,2189,Cleveland Black Rsv Whiskey,750mL,9165,ULTRA BEVERAGE COMPANY LLP ,11898,2024-08-31,2024-09-06,2024-09-17,2024-10-26,19.83,6,118.98,1
41_LARNWICK_32826,41,32826,Rombauer Carneros Chard,750mL,4425,MARTIGNETTI COMPANIES,13511,2024-12-14,2024-12-23,2025-01-02,2025-02-02,22.41,9,201.69,2
47_PELLA'S WISH_3580,47,3580,Smirnoff Orange Vodka,750mL,3960,DIAGEO NORTH AMERICA INC   ,11300,2024-07-21,2024-07-29,2024-08-03,2024-09-14,8.08,11,88.88,1
21_BALERNO_26463,21,26463,Ravenswood Vints Blend Znfdl,750mL,1392,CONSTELLATION BRANDS INC   ,11071,2024-07-05,2024-07-12,2024-07-18,2024-09-03,4.65,12,55.8,2
47_PELLA'S WISH_39087,47,39087,Corbett Canyon Pnt Grigio,3L,9815,WINE GROUP INC             ,13661,2024-12-23,2024-12-29,2025-01-09,2025-02-08,6.66,6,39.96,2
63_SWORDBREAK_8537,63,8537,Dom Chandon Brut Cuvee,750mL,8112,MOET HENNESSY USA INC      ,12096,2024-09-14,2024-09-20,2024-10-01,2024-11-06,9.39,12,112.68,2
73_DONCASTER_18568,73,18568,A by Acacia Unoaked Chard Ca,750mL,1590,DIAGEO CHATEAU ESTATE WINES,10036,2024-05-02,2024-05-13,2024-05-17,2024-07-01,6.89,11,75.79,2
23_ARBINGTON_6174,23,6174,Columbia Crest Grand Merlot,750mL,8673,STE MICHELLE WINE ESTATES  ,12480,2024-10-05,2024-10-13,2024-10-23,2024-11-20,5.8,12,69.6,2
63_SWORDBREAK_6570,63,6570,Kendall Jackson Chard Vt RSV,750mL,10000,MAJESTIC FINE WINES        ,12199,2024-09-21,2024-09-27,2024-10-06,2024-11-18,6.77,36,243.72,2
72_HARDERSFIELD_6524,72,6524,Rosemount Diamond Shiraz,750mL,4425,MARTIGNETTI COMPANIES,12995,2024-11-09,2024-11-14,2024-11-29,2025-01-03,4.57,12,54.84,2
38_GOULCREST_34134,38,34134,Turning Leaf RSV Chard Cal,1.5L,3252,E & J GALLO WINERY         ,11413,2024-07-29,2024-08-03,2024-08-08,2024-09-21,5.84,6,35.04,2
41_LARNWICK_2852,41,2852,Bushmills 10 Yr Irish Whisky,750mL,7245,PROXIMO SPIRITS INC.       ,13617,2024-12-21,2024-12-28,2025-01-10,2025-02-10,30.14,6,180.84,1
72_HARDERSFIELD_15393,72,15393,Cupcake Pnt Grigio,750mL,9815,WINE GROUP INC             ,9503,2024-03-24,2024-03-28,2024-04-11,2024-05-17,4.51,12,54.12,2
64_CESTERFIELD_34460,64,34460,Dr Loosen Rsl 'Dr L' M,750mL,4425,MARTIGNETTI COMPANIES,8696,2024-01-29,2024-02-02,2024-02-14,2024-03-25,7.23,12,86.76,2
73_DONCASTER_2466,73,2466,Crown Royal Maple Whisky,1.75L,3960,DIAGEO NORTH AMERICA INC   ,11589,2024-08-10,2024-08-18,2024-08-30,2024-10-05,29.62,6,177.72,1
61_AETHELNEY_18027,61,18027,Banfi Rosa Regale,750mL,516,BANFI PRODUCTS CORP        ,12632,2024-10-17,2024-10-24,2024-11-01,2024-12-18,9.08,30,272.4,2
56_BEGGAR'S HOLE_10723,56,10723,R M Woodbridge Chard,1.5L,1392,CONSTELLATION BRANDS INC   ,13319,2024-12-02,2024-12-08,2024-12-18,2025-01-28,6.2,5,31.0,2
55_DRY GULCH_2287,55,2287,Johnnie Walker Double Black,750mL,3960,DIAGEO NORTH AMERICA INC   ,11191,2024-07-14,2024-07-20,2024-08-01,2024-09-07,29.22,6,175.32,1
66_EANVERNESS_8819,66,8819,Leroux Blackberry Brandy,750mL,12546,JIM BEAM BRANDS COMPANY    ,11867,2024-08-30,2024-09-07,2024-09-13,2024-10-18,5.1,12,61.2,1
52_GRAYCOTT_3766,52,3766,Three Olives Grape Vodka,750mL,7245,PROXIMO SPIRITS INC.       ,11016,2024-07-01,2024-07-08,2024-07-12,2024-08-21,9.35,12,112.2,1
24_PALPERROTH_27867,24,27867,Vendange Merlot,1.5L,1392,CONSTELLATION BRANDS INC   ,10190,2024-05-12,2024-05-19,2024-05-27,2024-06-26,4.72,6,28.32,2
11_CARDEND_3405,11,3405,Tito's Handmade Vodka,1.75L,4425,MARTIGNETTI COMPANIES,12711,2024-10-21,2024-10-24,2024-11-06,2024-12-08,23.19,15,347.85,1
10_HORNSEY_7293,10,7293,Chi Chi's Skinny Margarita,1.75L,660,SAZERAC NORTH AMERICA INC. ,11599,2024-08-10,2024-08-16,2024-08-23,2024-09-23,5.96,6,35.76,1
56_BEGGAR'S HOLE_15229,56,15229,The Prisoner Red Napa Valley,750mL,1392,CONSTELLATION BRANDS INC   ,11793,2024-08-24,2024-08-30,2024-09-13,2024-10-08,26.11,12,313.32,2
19_WINTERVALE_14006,19,14006,Apothic Winemakers Red Blend,750mL,3252,E & J GALLO WINERY         ,10500,2024-06-02,2024-06-09,2024-06-16,2024-07-30,5.44,24,130.56,2
71_CLARCTON_5364,71,5364,Kahlua,1.75L,17035,PERNOD RICARD USA          ,8805,2024-02-05,2024-02-11,2024-02-17,2024-03-22,23.07,11,253.77,1
73_DONCASTER_3680,73,3680,Stolichnaya Ohranj,1.75L,8664,"STOLI GROUP,(USA) LLC      ",10198,2024-05-12,2024-05-19,2024-05-26,2024-07-05,18.93,5,94.65,1
6_GOULCREST_3858,6,3858,Grey Goose Vodka,750mL,480,BACARDI USA INC            ,12236,2024-09-23,2024-09-28,2024-10-07,2024-11-10,17.77,10,177.7,1
66_EANVERNESS_37419,66,37419,Provenance Cab Svgn Rutherfd,750mL,1590,DIAGEO CHATEAU ESTATE WINES,10313,2024-05-20,2024-05-27,2024-05-31,2024-06-30,24.65,24,591.6,2
32_MOUNTMEND_4689,32,4689,Hennessy Privilege VSOP,750mL,8112,MOET HENNESSY USA INC      ,11197,2024-07-14,2024-07-20,2024-08-01,2024-09-07,33.33,12,399.96,1
38_GOULCREST_3356,38,3356,Svedka Vodka,375mL,1392,CONSTELLATION BRANDS INC   ,12182,2024-09-20,2024-09-27,2024-10-09,2024-11-18,4.47,9,40.23,1
2_ASHBORNE_17876,2,17876,Darkhorse Cab Svgn,750mL,3252,E & J GALLO WINERY         ,12395,2024-09-30,2024-10-06,2024-10-15,2024-11-18,5.33,12,63.96,2
72_HARDERSFIELD_8066,72,8066,DeKuyper Triple Sec,1.75L,12546,JIM BEAM BRANDS COMPANY    ,11705,2024-08-18,2024-08-23,2024-09-04,2024-10-16,7.13,5,35.65,1
44_PORTHCRAWL_13662,44,13662,Duckhorn Decoy Svgn Bl,750mL,4425,MARTIGNETTI COMPANIES,10247,2024-05-16,2024-05-26,2024-06-07,2024-07-05,9.43,12,113.16,2
35_HALIVAARA_6654,35,6654,Veuve Clicquot Brut Yellow,750mL,8112,MOET HENNESSY USA INC      ,12641,2024-10-17,2024-10-27,2024-11-08,2024-12-05,27.2,12,326.4,2
25_CAERSHIRE_29128,25,29128,Sutter Home Merlot Cal,187mL 4 Pk,8892,TRINCHERO FAMILY ESTATES   ,10255,2024-05-16,2024-05-27,2024-05-30,2024-07-15,3.97,6,23.82,2
34_PITMERDEN_13991,34,13991,Colombo Cape Bleue Rose VdP,750mL,6785,PALM BAY INTERNATIONAL INC ,10106,2024-05-06,2024-05-10,2024-05-20,2024-07-03,6.57,12,78.84,2
53_HILLFAR_1875,53,1875,Bushmills Black Bush,750mL,7245,PROXIMO SPIRITS INC.       ,13170,2024-11-22,2024-11-30,2024-12-05,2025-01-19,20.71,12,248.52,1
59_CLAETHORPES_7977,59,7977,M & R X Dry Vermouth,1.5L,480,BACARDI USA INC            ,8548,2024-01-20,2024-01-29,2024-02-02,2024-03-19,7.49,6,44.94,1
39_EASTHALLOW_3272,39,3272,Sobieski Vodka,1.75L,9552,M S WALKER INC             ,10229,2024-05-15,2024-05-26,2024-06-05,2024-07-08,13.23,6,79.38,1
14_BROMWICH_5103,14,5103,Fireball Cinnamon Whisky,1.75L,8004,SAZERAC CO INC             ,12101,2024-09-14,2024-09-21,2024-10-02,2024-11-10,17.14,4,68.56,1
71_CLARCTON_4181,71,4181,Calypso Spiced Rum,1.75L,660,SAZERAC NORTH AMERICA INC. ,13094,2024-11-16,2024-11-25,2024-12-06,2024-12-31,9.37,6,56.22,1
78_EASTHAVEN_3158,78,3158,Pinnacle Tropical Punch,1.75L,12546,JIM BEAM BRANDS COMPANY    ,10451,2024-05-30,2024-06-09,2024-06-20,2024-07-14,12.77,4,51.08,1
69_MOUNTMEND_27202,69,27202,DeLoach Sonoma Cnty Chard,750mL,4425,MARTIGNETTI COMPANIES,13214,2024-11-24,2024-12-01,2024-12-13,2025-01-07,6.8,12,81.6,2
56_BEGGAR'S HOLE_35913,56,35913,Stone Cellars Cab Svgn,1.5L,9819,TREASURY WINE ESTATES      ,10408,2024-05-26,2024-06-01,2024-06-08,2024-07-17,5.47,6,32.82,2
76_DONCASTER_4450,76,4450,Leblon Natural Cane Cachaca,750mL,480,BACARDI USA INC            ,10325,2024-05-22,2024-06-01,2024-06-12,2024-07-13,18.51,6,111.06,1
24_PALPERROTH_5676,24,5676,Kinky Liqueur,50mL,7153,PINE STATE TRADING CO      ,8558,2024-01-20,2024-01-29,2024-02-07,2024-03-07,1.42,1,1.42,1
38_GOULCREST_8202,38,8202,Sambuca Romana,750mL,3960,DIAGEO NORTH AMERICA INC   ,12585,2024-10-13,2024-10-18,2024-10-31,2024-11-29,13.33,11,146.63,1
34_PITMERDEN_19283,34,19283,Roscato Bianco,750mL,6785,PALM BAY INTERNATIONAL INC ,8333,2024-01-04,2024-01-12,2024-01-22,2024-02-23,6.89,11,75.79,2
76_DONCASTER_21824,76,21824,Taken Red Napa,750mL,8892,TRINCHERO FAMILY ESTATES   ,10424,2024-05-27,2024-06-02,2024-06-08,2024-07-10,16.89,6,101.34,2
15_WANBORNE_8112,15,8112,Stolichnaya,1.75L,8664,"STOLI GROUP,(USA) LLC      ",11254,2024-07-18,2024-07-29,2024-08-09,2024-09-01,19.52,2,39.04,1
64_CESTERFIELD_10596,64,10596,Almaden Mt Rhine Calif B/B,5L,9815,WINE GROUP INC             ,11605,2024-08-10,2024-08-18,2024-08-26,2024-10-02,9.86,4,39.44,2
76_DONCASTER_17865,76,17865,Ch St Jean Pnt Nr,750mL,9819,TREASURY WINE ESTATES      ,12436,2024-10-02,2024-10-11,2024-10-20,2024-12-03,6.09,2,12.18,2
25_CAERSHIRE_6479,25,6479,Clos du Bois Chard,750mL,1392,CONSTELLATION BRANDS INC   ,9523,2024-03-27,2024-04-04,2024-04-17,2024-05-18,5.95,10,59.5,2
48_NORFOLK_3348,48,3348,Bombay Sapphire Gin,1.75L,480,BACARDI USA INC            ,12988,2024-11-09,2024-11-17,2024-11-25,2024-12-22,22.38,6,134.28,1
33_HORNSEY_18568,33,18568,A by Acacia Unoaked Chard Ca,750mL,1590,DIAGEO CHATEAU ESTATE WINES,8484,2024-01-15,2024-01-21,2024-01-31,2024-03-08,6.89,12,82.68,2
73_DONCASTER_19847,73,19847,Nanna's Short Cake Znfdl,750mL,10754,PERFECTA WINES             ,12069,2024-09-12,2024-09-23,2024-09-26,2024-10-29,11.1,12,133.2,2
23_ARBINGTON_31454,23,31454,Foxhorn SE Chard Australia,1.5L,9815,WINE GROUP INC             ,10694,2024-06-15,2024-06-23,2024-07-01,2024-08-10,4.79,8,38.32,2
38_GOULCREST_8149,38,8149,Sebastiani Cab Svgn Sonoma,750mL,4425,MARTIGNETTI COMPANIES,13214,2024-11-24,2024-11-29,2024-12-13,2025-01-07,11.25,12,135.0,2
6_GOULCREST_22569,6,22569,Bota Box Svgn Bl,3L,2242,DELICATO VINEYARDS INC     ,11315,2024-07-22,2024-07-27,2024-08-03,2024-09-04,11.72,3,35.16,2
15_WANBORNE_3826,15,3826,Skyy Vodka,1.75L,11567,CAMPARI AMERICA            ,11279,2024-07-20,2024-07-25,2024-08-09,2024-09-01,15.74,2,31.48,1
76_DONCASTER_4277,76,4277,Bacardi Limon Rum,375mL,480,BACARDI USA INC            ,13641,2024-12-23,2024-12-27,2025-01-10,2025-02-14,4.68,9,42.12,1
30_CULCHETH_7293,30,7293,Chi Chi's Skinny Margarita,1.75L,660,SAZERAC NORTH AMERICA INC. ,11515,2024-08-05,2024-08-08,2024-08-22,2024-09-26,5.96,6,35.76,1
68_SOLARIS_31160,68,31160,Monsanto Chianti Clsc RSV,750mL,9552,M S WALKER INC             ,10383,2024-05-25,2024-06-02,2024-06-10,2024-07-16,13.24,12,158.88,2
25_CAERSHIRE_6349,25,6349,Glen Ellen Chard RSV,1.5L,9815,WINE GROUP INC             ,8651,2024-01-26,2024-02-03,2024-02-14,2024-03-15,4.63,17,78.71,2
74_PAENTMARWY_18733,74,18733,Antinori Villa Chianti Class,750mL,8673,STE MICHELLE WINE ESTATES  ,9979,2024-04-27,2024-05-04,2024-05-11,2024-06-22,18.49,6,110.94,2
60_IRRAGIN_3534,60,3534,Milagro Silver Tequila,750mL,3664,WILLIAM GRANT & SONS INC   ,8233,2023-12-28,2024-01-04,2024-01-14,2024-02-12,18.17,6,109.02,1
73_DONCASTER_8451,73,8451,Cruzan Aged Dark Rum,1.75L,12546,JIM BEAM BRANDS COMPANY    ,13557,2024-12-18,2024-12-27,2025-01-04,2025-02-17,12.59,10,125.9,1
66_EANVERNESS_3423,66,3423,Beefeater,1.75L,17035,PERNOD RICARD USA          ,11372,2024-07-26,2024-08-03,2024-08-12,2024-09-12,21.25,45,956.25,1
75_BARNCOMBE_16794,75,16794,Freakshow Cab Svgn,750mL,4425,MARTIGNETTI COMPANIES,11303,2024-07-21,2024-07-28,2024-08-02,2024-09-18,10.94,12,131.28,2
1_HARDERSFIELD_24779,1,24779,Straccali Chianti,1.5L,6785,PALM BAY INTERNATIONAL INC ,13024,2024-11-11,2024-11-15,2024-11-22,2025-01-03,6.84,4,27.36,2
34_PITMERDEN_5382,34,5382,Ice 101 Peppermint Schnapps,750mL,8004,SAZERAC CO INC             ,10557,2024-06-06,2024-06-13,2024-06-26,2024-07-27,9.44,12,113.28,1
56_BEGGAR'S HOLE_3228,56,3228,Ciroc Mango Vodka,50mL,3960,DIAGEO NORTH AMERICA INC   ,12149,2024-09-18,2024-09-29,2024-10-08,2024-11-07,1.55,57,88.35,1
34_PITMERDEN_20731,34,20731,Villa Jolanda Strwby Moscato,750mL,7153,PINE STATE TRADING CO      ,8226,2023-12-28,2024-01-04,2024-01-14,2024-02-16,5.95,12,71.4,2
33_HORNSEY_3201,33,3201,Plymouth Gin,750mL,17035,PERNOD RICARD USA          ,8315,2024-01-03,2024-01-14,2024-01-25,2024-02-25,21.96,5,109.8,1
7_STANMORE_7345,7,7345,M & R Asti,750mL,480,BACARDI USA INC            ,9847,2024-04-19,2024-04-29,2024-05-07,2024-06-13,6.75,12,81.0,2
39_EASTHALLOW_13430,39,13430,Agua de Piedra Malbec Selccn,750mL,7153,PINE STATE TRADING CO      ,9647,2024-04-04,2024-04-14,2024-04-25,2024-05-24,5.91,12,70.92,2
15_WANBORNE_32675,15,32675,Blackstone Cab Svgn Cal,750mL,1392,CONSTELLATION BRANDS INC   ,11459,2024-08-02,2024-08-11,2024-08-22,2024-09-15,4.57,24,109.68,2
26_KNIFE'S EDGE_5444,26,5444,E & J Superior RSV VSOP,1.75L,3252,E & J GALLO WINERY         ,11248,2024-07-18,2024-07-29,2024-08-09,2024-09-01,14.49,6,86.94,1
74_PAENTMARWY_840,74,840,Bols Peach Flavored Brandy,Liter,6213,MHW LTD                    ,10821,2024-06-24,2024-06-27,2024-07-07,2024-08-14,8.79,12,105.48,1
55_DRY GULCH_38888,55,38888,Justin Cab Svgn Paso Robles,750mL,9552,M S WALKER INC             ,13059,2024-11-14,2024-11-23,2024-11-29,2025-01-05,16.88,6,101.28,2
6_GOULCREST_44494,6,44494,Smoking Loon Pnt Grigio Cal,750mL,9552,M S WALKER INC             ,11367,2024-07-26,2024-08-03,2024-08-13,2024-09-19,4.5,10,45.0,2
43_WOLFORD_8262,43,8262,Metcalfe's Vermont Maple,750mL,9165,ULTRA BEVERAGE COMPANY LLP ,13604,2024-12-20,2024-12-28,2025-01-03,2025-02-02,15.82,6,94.92,1
21_BALERNO_2956,21,2956,Vat 69 Gold,1.75L,3960,DIAGEO NORTH AMERICA INC   ,13320,2024-12-02,2024-12-08,2024-12-19,2025-01-13,10.71,6,64.26,1
76_DONCASTER_3876,76,3876,Smirnoff 80 Proof,1.75L,3960,DIAGEO NORTH AMERICA INC   ,8575,2024-01-21,2024-01-27,2024-02-03,2024-03-06,13.95,2,27.9,1
51_ABERDEEN_7198,51,7198,New Amsterdam Pineapple Vdka,750mL,3252,E & J GALLO WINERY         ,12016,2024-09-08,2024-09-14,2024-09-26,2024-11-01,7.4,11,81.4,1
67_EANVERNESS_1220,67,1220,Woodford Reserve Bourbon,750mL,1128,BROWN-FORMAN CORP          ,12788,2024-10-27,2024-11-04,2024-11-12,2024-12-10,21.89,5,109.45,1
34_PITMERDEN_4798,34,4798,Sambuca Romana Liqueur,50mL,3960,DIAGEO NORTH AMERICA INC   ,11589,2024-08-10,2024-08-17,2024-08-30,2024-10-05,1.54,112,172.48,1
38_GOULCREST_515,38,515,Hirsch Selection Bourbon,750mL,9165,ULTRA BEVERAGE COMPANY LLP ,10947,2024-06-27,2024-07-06,2024-07-14,2024-08-26,25.36,6,152.16,1
58_HARTLEPOOL_15094,58,15094,Butter Chard,750mL,9165,ULTRA BEVERAGE COMPANY LLP ,9654,2024-04-04,2024-04-14,2024-04-24,2024-06-01,9.08,12,108.96,2
27_MOUNTMEND_4226,27,4226,Bacardi Superior Rum Trav,750mL,480,BACARDI USA INC            ,11859,2024-08-30,2024-09-08,2024-09-20,2024-10-22,7.68,9,69.12,1
50_MOUNTMEND_8627,50,8627,Jadot Beaujolais Villages,750mL,4692,KOBRAND CORPORATION        ,11268,2024-07-19,2024-07-27,2024-08-06,2024-09-02,5.47,12,65.64,2
76_DONCASTER_28947,76,28947,R M Woodbridge Merlot Cal,1.5L,1392,CONSTELLATION BRANDS INC   ,10986,2024-06-30,2024-07-05,2024-07-17,2024-08-27,5.91,14,82.74,2
12_LEESIDE_8023,12,8023,DeKuyper Triple Sec,750mL,12546,JIM BEAM BRANDS COMPANY    ,12816,2024-10-28,2024-11-01,2024-11-12,2024-12-10,3.28,12,39.36,1
9_BLACKPOOL_41072,9,41072,Angeline Pnt Nr Rsv,750mL,9552,M S WALKER INC             ,13379,2024-12-06,2024-12-12,2024-12-23,2025-01-22,8.16,11,89.76,2
34_PITMERDEN_4817,34,4817,Skyy Infusions TX Grapefruit,750mL,11567,CAMPARI AMERICA            ,10276,2024-05-18,2024-05-23,2024-06-06,2024-07-03,7.8,36,280.8,1
43_WOLFORD_3276,43,3276,Gordons London Dry,1.75L,3960,DIAGEO NORTH AMERICA INC   ,9919,2024-04-24,2024-05-04,2024-05-10,2024-06-11,9.62,5,48.1,1
30_CULCHETH_5232,30,5232,DeKuyper Buttershots Schnaps,1.75L,12546,JIM BEAM BRANDS COMPANY    ,13557,2024-12-18,2024-12-29,2025-01-04,2025-02-17,10.71,3,32.13,1
34_PITMERDEN_5689,34,5689,Villa Massa Limoncello,750mL,4425,MARTIGNETTI COMPANIES,10193,2024-05-12,2024-05-19,2024-05-29,2024-07-09,14.84,6,89.04,1
12_LEESIDE_3768,12,3768,Jenkins Vodka,750mL,9552,M S WALKER INC             ,9049,2024-02-23,2024-03-03,2024-03-11,2024-04-13,3.62,12,43.44,1
22_SHARNWICK_3834,22,3834,Skyy Vodka,750mL,11567,CAMPARI AMERICA            ,11428,2024-07-31,2024-08-11,2024-08-16,2024-10-02,10.23,12,122.76,1
79_BALLYMENA_7535,79,7535,Gekkeikan Sake,750mL,8320,SHAW ROSS INT L IMP LTD    ,8666,2024-01-27,2024-02-02,2024-02-16,2024-03-21,4.44,12,53.28,1
68_SOLARIS_450,68,450,Vincent Van Gogh Double Esp,750mL,4425,MARTIGNETTI COMPANIES,8426,2024-01-11,2024-01-20,2024-01-25,2024-03-13,19.52,1,19.52,1
4_EANVERNESS_4673,4,4673,Hennessy VS Cognac,1.75L,8112,MOET HENNESSY USA INC      ,12384,2024-09-29,2024-10-04,2024-10-17,2024-11-19,46.66,6,279.96,1
44_PORTHCRAWL_39523,44,39523,Cloudy Bay Svgn Bl Marlboro,750mL,8112,MOET HENNESSY USA INC      ,9684,2024-04-06,2024-04-15,2024-04-23,2024-05-25,15.53,12,186.36,2
31_HORNSEY_40337,31,40337,Da Vinci Chianti Tuscany,750mL,3252,E & J GALLO WINERY         ,8722,2024-02-01,2024-02-11,2024-02-15,2024-03-26,6.57,12,78.84,2
66_EANVERNESS_8500,66,8500,Stolichnaya Chocolat Kokonut,750mL,8664,"STOLI GROUP,(USA) LLC      ",12533,2024-10-09,2024-10-18,2024-10-29,2024-11-29,6.28,19,119.32,1
23_ARBINGTON_33035,23,33035,Cape Indaba Chard S Africa,750mL,9552,M S WALKER INC             ,13614,2024-12-21,2024-12-27,2025-01-07,2025-02-17,5.88,12,70.56,2
10_HORNSEY_17345,10,17345,Bogle Essential Red,750mL,4425,MARTIGNETTI COMPANIES,13091,2024-11-16,2024-11-23,2024-12-05,2025-01-11,6.01,11,66.11,2
61_AETHELNEY_5254,61,5254,DeKuyper Buttershots Schnpps,750mL,12546,JIM BEAM BRANDS COMPANY    ,11705,2024-08-18,2024-08-24,2024-09-04,2024-10-16,7.35,12,88.2,1
54_GUTHRAM_7221,54,7221,M & R Sweet Vermouth,1.5L,480,BACARDI USA INC            ,13238,2024-11-27,2024-12-09,2024-12-20,2025-01-23,6.86,5,34.3,2
15_WANBORNE_31465,15,31465,Franzia Tap Chard,5L,9815,WINE GROUP INC             ,10256,2024-05-16,2024-05-24,2024-06-05,2024-07-12,10.38,7,72.66,2
27_MOUNTMEND_1892,27,1892,Yukon Jack,50mL,3960,DIAGEO NORTH AMERICA INC   ,9302,2024-03-11,2024-03-17,2024-03-28,2024-04-30,0.72,72,51.84,1
12_LEESIDE_3804,12,3804,Svedka Vodka,750mL,1392,CONSTELLATION BRANDS INC   ,11883,2024-08-31,2024-09-06,2024-09-14,2024-10-30,7.63,11,83.93,1
41_LARNWICK_8823,41,8823,Leroux Apricot Brandy,750mL,12546,JIM BEAM BRANDS COMPANY    ,13421,2024-12-08,2024-12-14,2024-12-24,2025-01-21,5.42,12,65.04,1
30_CULCHETH_38457,30,38457,Smoking Loon Pnt Nr,750mL,9552,M S WALKER INC             ,11756,2024-08-22,2024-09-01,2024-09-13,2024-10-08,4.59,58,266.22,2
47_PELLA'S WISH_8053,47,8053,Seagrams 7 Crown,50mL,3960,DIAGEO NORTH AMERICA INC   ,13320,2024-12-02,2024-12-09,2024-12-19,2025-01-13,0.75,110,82.5,1
50_MOUNTMEND_3794,50,3794,Cabo Wabo Reposado Tequila,750mL,11567,CAMPARI AMERICA            ,11545,2024-08-08,2024-08-17,2024-08-29,2024-10-07,27.77,24,666.48,1
73_DONCASTER_28775,73,28775,C K Mondavi Merlot,1.5L,2000,SOUTHERN WINE & SPIRITS NE ,13365,2024-12-05,2024-12-12,2024-12-25,2025-01-31,7.58,6,45.48,2
61_AETHELNEY_35664,61,35664,Redwood Creek Cab Svgn Cal,1.5L,3252,E & J GALLO WINERY         ,11074,2024-07-05,2024-07-15,2024-07-18,2024-09-03,6.5,6,39.0,2
58_HARTLEPOOL_10421,58,10421,Barefoot Moscato Cal,1.5L,3252,E & J GALLO WINERY         ,11431,2024-07-31,2024-08-11,2024-08-21,2024-10-01,5.9,6,35.4,2
31_HORNSEY_39593,31,39593,Redwood Creek Pnt Nr Cal,1.5L,3252,E & J GALLO WINERY         ,12395,2024-09-30,2024-10-03,2024-10-15,2024-11-18,6.33,6,37.98,2
9_BLACKPOOL_62,9,62,Herradura Silver Tequila,750mL,1128,BROWN-FORMAN CORP          ,10971,2024-06-29,2024-07-05,2024-07-11,2024-08-11,28.67,6,172.02,1
6_GOULCREST_599,6,599,Stolichnaya Razberi,Liter,8664,"STOLI GROUP,(USA) LLC      ",10076,2024-05-04,2024-05-13,2024-05-21,2024-07-02,17.03,9,153.27,1
38_GOULCREST_3804,38,3804,Svedka Vodka,750mL,1392,CONSTELLATION BRANDS INC   ,10736,2024-06-19,2024-06-30,2024-07-08,2024-08-20,7.63,7,53.41,1
58_HARTLEPOOL_3039,58,3039,Stoli Salted Karamel,750mL,8664,"STOLI GROUP,(USA) LLC      ",13200,2024-11-23,2024-11-29,2024-12-09,2025-01-15,13.38,12,160.56,1
11_CARDEND_32924,11,32924,Silverado Cab Svgn Napa,750mL,4425,MARTIGNETTI COMPANIES,11614,2024-08-11,2024-08-16,2024-08-22,2024-09-22,27.51,12,330.12,2
8_ALNERWICK_7948,8,7948,Bayou Silver Rum,50mL,8664,"STOLI GROUP,(USA) LLC      ",11503,2024-08-04,2024-08-09,2024-08-23,2024-09-24,0.73,72,52.56,1
37_PAETHSMOUTH_2589,37,2589,Jameson Irish Whiskey,1.75L,17035,PERNOD RICARD USA          ,13477,2024-12-12,2024-12-23,2025-01-03,2025-02-02,30.76,6,184.56,1
72_HARDERSFIELD_8462,72,8462,Frangelico Hazelnut Liqueur,750mL,11567,CAMPARI AMERICA            ,12621,2024-10-16,2024-10-26,2024-11-03,2024-12-07,15.82,36,569.52,1
9_BLACKPOOL_8036,9,8036,Livingston Chablis Cal,3L,3252,E & J GALLO WINERY         ,10396,2024-05-26,2024-06-01,2024-06-10,2024-07-10,8.27,3,24.81,2
41_LARNWICK_7978,41,7978,M & R X Dry Vermouth,750mL,480,BACARDI USA INC            ,8288,2024-01-01,2024-01-08,2024-01-19,2024-02-18,3.95,12,47.4,1
21_BALERNO_6596,21,6596,Kenwood Svgn Bl Sonoma,750mL,17035,PERNOD RICARD USA          ,9028,2024-02-21,2024-03-03,2024-03-09,2024-04-08,5.97,12,71.64,2
14_BROMWICH_3745,14,3745,Taaka Vodka Traveler,750mL,8004,SAZERAC CO INC             ,9077,2024-02-24,2024-03-02,2024-03-11,2024-04-14,3.07,10,30.7,1
32_MOUNTMEND_3246,32,3246,Bentley's Vodka,1.75L,8004,SAZERAC CO INC             ,13364,2024-12-05,2024-12-13,2024-12-19,2025-02-01,6.71,4,26.84,1
67_EANVERNESS_4522,67,4522,Lairds Apple Jack,750mL,4848,LAIRD & CO                 ,13057,2024-11-14,2024-11-25,2024-11-28,2025-01-11,10.06,12,120.72,1
70_KELD_903,70,903,Bombay Sapphire Gin,Liter,480,BACARDI USA INC            ,12040,2024-09-11,2024-09-20,2024-10-03,2024-10-27,18.79,12,225.48,1
60_IRRAGIN_38502,60,38502,Ruffino Lumina Pnt Grigio,750mL,1392,CONSTELLATION BRANDS INC   ,10291,2024-05-19,2024-05-27,2024-06-01,2024-07-12,4.57,9,41.13,2
73_DONCASTER_24086,73,24086,Hess Select Chard,750mL,4425,MARTIGNETTI COMPANIES,11053,2024-07-04,2024-07-16,2024-07-25,2024-08-22,7.14,12,85.68,2
41_LARNWICK_46202,41,46202,Yellow Tail Pnt Grigio Ausl,1.5L,4425,MARTIGNETTI COMPANIES,11053,2024-07-04,2024-07-15,2024-07-25,2024-08-22,6.05,9,54.45,2
14_BROMWICH_39348,14,39348,Sterling Vintners Cltn Pnt N,750mL,1590,DIAGEO CHATEAU ESTATE WINES,11492,2024-08-04,2024-08-08,2024-08-18,2024-09-24,6.5,12,78.0,2
75_BARNCOMBE_8205,75,8205,Frangelico Hazelnut Liqueur,50mL,11567,CAMPARI AMERICA            ,8269,2023-12-31,2024-01-05,2024-01-19,2024-02-19,1.53,96,146.88,1
21_BALERNO_2753,21,2753,Johnnie Walker Black Label,1.75L,3960,DIAGEO NORTH AMERICA INC   ,9199,2024-03-04,2024-03-08,2024-03-21,2024-04-29,44.77,6,268.62,1
10_HORNSEY_3687,10,3687,Fleischmanns Royal Traveler,750mL,660,SAZERAC NORTH AMERICA INC. ,11515,2024-08-05,2024-08-11,2024-08-22,2024-09-26,3.84,6,23.04,1
55_DRY GULCH_8628,55,8628,Jadot Macon Villages Blanc,750mL,4692,KOBRAND CORPORATION        ,12709,2024-10-21,2024-10-26,2024-11-04,2024-12-09,5.95,12,71.4,2
76_DONCASTER_4181,76,4181,Calypso Spiced Rum,1.75L,660,SAZERAC NORTH AMERICA INC. ,11852,2024-08-29,2024-09-07,2024-09-12,2024-10-26,9.37,4,37.48,1
60_IRRAGIN_858,60,858,Canadian Club,Liter,12546,JIM BEAM BRANDS COMPANY    ,13056,2024-11-14,2024-11-25,2024-11-28,2025-01-15,8.95,10,89.5,1
38_GOULCREST_18901,38,18901,Anderra Svgn Bl,750mL,1392,CONSTELLATION BRANDS INC   ,11703,2024-08-18,2024-08-23,2024-09-03,2024-10-01,6.07,12,72.84,2
40_BULLMAR_40097,40,40097,Black Box Chard,3L,1392,CONSTELLATION BRANDS INC   ,10552,2024-06-06,2024-06-16,2024-06-22,2024-07-27,10.59,5,52.95,2
76_DONCASTER_5391,76,5391,Kamora Coffee,1.75L,12546,JIM BEAM BRANDS COMPANY    ,8503,2024-01-17,2024-01-25,2024-02-02,2024-03-08,12.02,4,48.08,1
67_EANVERNESS_14672,67,14672,Duckhorn Decoy Cab Svgn,750mL,4425,MARTIGNETTI COMPANIES,13091,2024-11-16,2024-11-25,2024-12-05,2025-01-11,11.61,19,220.59,2
76_DONCASTER_3348,76,3348,Bombay Sapphire Gin,1.75L,480,BACARDI USA INC            ,9738,2024-04-11,2024-04-18,2024-04-30,2024-05-26,22.38,12,268.56,1
38_GOULCREST_3763,38,3763,Patron Anejo Tequila,375mL,9165,ULTRA BEVERAGE COMPANY LLP ,13286,2024-11-29,2024-12-09,2024-12-18,2025-01-13,20.28,8,162.24,1
68_SOLARIS_3728,68,3728,Absolut Citron,1.75L,17035,PERNOD RICARD USA          ,11891,2024-08-31,2024-09-09,2024-09-13,2024-10-15,18.93,4,75.72,1
66_EANVERNESS_3329,66,3329,Seagrams Extra Smooth Vodka,1.75L,9165,ULTRA BEVERAGE COMPANY LLP ,9654,2024-04-04,2024-04-14,2024-04-24,2024-06-01,10.84,6,65.04,1
76_DONCASTER_17867,76,17867,Beringer Classic Wh Zin Mosc,750mL,9819,TREASURY WINE ESTATES      ,13332,2024-12-02,2024-12-05,2024-12-12,2025-01-28,3.22,15,48.3,2
49_GARIGILL_2443,49,2443,Seagrams VO,1.75L,3960,DIAGEO NORTH AMERICA INC   ,8310,2024-01-03,2024-01-12,2024-01-19,2024-02-23,13.48,10,134.8,1
7_STANMORE_40096,7,40096,Black Box Cab Svgn,3L,1392,CONSTELLATION BRANDS INC   ,10448,2024-05-30,2024-06-07,2024-06-13,2024-07-27,10.52,5,52.6,2
7_STANMORE_16241,7,16241,Domino Merlot,750mL,2242,DELICATO VINEYARDS INC     ,10432,2024-05-29,2024-06-07,2024-06-21,2024-07-19,3.3,12,39.6,2
34_PITMERDEN_3736,34,3736,Smirnoff Cherry Vodka,750mL,3960,DIAGEO NORTH AMERICA INC   ,8310,2024-01-03,2024-01-15,2024-01-19,2024-02-23,8.2,10,82.0,1
10_HORNSEY_7374,10,7374,New Amsterdam Mango Vodka,750mL,3252,E & J GALLO WINERY         ,10953,2024-06-28,2024-07-08,2024-07-13,2024-08-14,6.86,9,61.74,1
16_LUNDY_18107,16,18107,Barefoot Cellars Pink Moscat,750mL,3252,E & J GALLO WINERY         ,13033,2024-11-13,2024-11-27,2024-12-03,2024-12-31,3.22,12,38.64,2
56_BEGGAR'S HOLE_1746,56,1746,Tomatin 12 Yr Old Scotch,750mL,9206,PHILLIPS PRODUCTS CO.      ,11400,2024-07-28,2024-08-03,2024-08-09,2024-09-18,19.99,6,119.94,1
9_BLACKPOOL_8691,9,8691,Jose Cuervo Especial,750mL,7245,PROXIMO SPIRITS INC.       ,8664,2024-01-27,2024-02-01,2024-02-14,2024-03-10,11.9,12,142.8,1
76_DONCASTER_4762,76,4762,Hartley Brandy VS,750mL,8004,SAZERAC CO INC             ,12476,2024-10-05,2024-10-13,2024-10-24,2024-12-03,5.03,11,55.33,1
44_PORTHCRAWL_6581,44,6581,Ch Ste Michelle Merlot Colum,750mL,8673,STE MICHELLE WINE ESTATES  ,11535,2024-08-07,2024-08-19,2024-08-22,2024-09-27,7.86,8,62.88,2
38_GOULCREST_23712,38,23712,Bell'Agio Chianti Flask,750mL,516,BANFI PRODUCTS CORP        ,12989,2024-11-09,2024-11-18,2024-11-22,2024-12-28,6.8,11,74.8,2
67_EANVERNESS_15527,67,15527,Roscato Rosso,750mL,6785,PALM BAY INTERNATIONAL INC ,11450,2024-08-01,2024-08-09,2024-08-23,2024-09-29,6.57,10,65.7,2
72_HARDERSFIELD_35862,72,35862,Allegrini Palazzo Della Tor,750mL,3252,E & J GALLO WINERY         ,12395,2024-09-30,2024-10-05,2024-10-15,2024-11-18,13.6,12,163.2,2
73_DONCASTER_4829,73,4829,Mr Boston Blackberry Brandy,1.75L,660,SAZERAC NORTH AMERICA INC. ,9663,2024-04-05,2024-04-15,2024-04-22,2024-06-05,9.59,4,38.36,1
30_CULCHETH_2589,30,2589,Jameson Irish Whiskey,1.75L,17035,PERNOD RICARD USA          ,11372,2024-07-26,2024-08-04,2024-08-12,2024-09-12,30.76,5,153.8,1
69_MOUNTMEND_8626,69,8626,Ezra Brooks,1.75L,8352,LUXCO INC                  ,11230,2024-07-17,2024-07-27,2024-08-02,2024-09-05,11.67,4,46.68,1
69_MOUNTMEND_18743,69,18743,Ca'Momi Merlot Napa Valley,750mL,10754,PERFECTA WINES             ,12643,2024-10-17,2024-10-28,2024-11-04,2024-12-10,6.8,36,244.8,2
51_ABERDEEN_8068,51,8068,Absolut 80 Proof,1.75L,17035,PERNOD RICARD USA          ,13194,2024-11-23,2024-11-28,2024-12-09,2025-01-09,18.24,57,1039.68,1
6_GOULCREST_8112,6,8112,Stolichnaya,1.75L,8664,"STOLI GROUP,(USA) LLC      ",11647,2024-08-14,2024-08-24,2024-09-05,2024-10-16,19.52,3,58.56,1
69_MOUNTMEND_17041,69,17041,Sutter Home Pink Moscato,1.5L,8892,TRINCHERO FAMILY ESTATES   ,9210,2024-03-04,2024-03-08,2024-03-16,2024-04-30,5.26,6,31.56,2
49_GARIGILL_27393,49,27393,Victor Vineyards Cab Svgn 13,750mL,9165,ULTRA BEVERAGE COMPANY LLP ,13063,2024-11-14,2024-11-22,2024-12-06,2025-01-14,6.45,48,309.6,2
20_BREDWARDINE_6682,20,6682,R M Woodbridge Chard Cal,1.5L,1392,CONSTELLATION BRANDS INC   ,9523,2024-03-27,2024-04-06,2024-04-17,2024-05-18,6.03,11,66.33,2
60_IRRAGIN_6396,60,6396,Taylor Dry Sherry,1.5L,1392,CONSTELLATION BRANDS INC   ,11703,2024-08-18,2024-08-23,2024-09-03,2024-10-01,5.12,5,25.6,2
41_LARNWICK_8475,41,8475,J Roget Extra Dry,187mL,1392,CONSTELLATION BRANDS INC   ,9283,2024-03-10,2024-03-16,2024-03-28,2024-04-27,1.23,72,88.56,2
76_DONCASTER_5105,76,5105,Dr McGillicuddy's Mentholmnt,1.75L,8004,SAZERAC CO INC             ,8611,2024-01-24,2024-02-03,2024-02-10,2024-03-18,14.81,6,88.86,1
6_GOULCREST_11828,6,11828,Cupcake Svgn Bl,750mL,9815,WINE GROUP INC             ,13267,2024-11-28,2024-12-06,2024-12-15,2025-01-20,3.97,12,47.64,2
66_EANVERNESS_8720,66,8720,Arrow Blue Curacao,750mL,8352,LUXCO INC                  ,10786,2024-06-22,2024-06-28,2024-07-10,2024-08-19,5.96,11,65.56,1
8_ALNERWICK_29169,8,29169,Franzia Tap Merlot,5L,9815,WINE GROUP INC             ,9599,2024-03-31,2024-04-07,2024-04-13,2024-05-26,10.88,4,43.52,2
14_BROMWICH_7849,14,7849,Tooters Apple-tini 15 Pk,375mL,5270,MANGO BOTTLING INC         ,11212,2024-07-15,2024-07-20,2024-07-31,2024-09-09,7.8,18,140.4,1
17_OLDHAM_3980,17,3980,Hornitos Reposado Tequila,1.75L,12546,JIM BEAM BRANDS COMPANY    ,11705,2024-08-18,2024-08-25,2024-09-04,2024-10-16,31.99,6,191.94,1
9_BLACKPOOL_2114,9,2114,Black Velvet Canadian Whisky,1.75L,1392,CONSTELLATION BRANDS INC   ,11526,2024-08-07,2024-08-17,2024-08-26,2024-09-24,9.41,35,329.35,1
15_WANBORNE_1817,15,1817,Irishman Founders RSV Whisky,750mL,6785,PALM BAY INTERNATIONAL INC ,10421,2024-05-27,2024-06-05,2024-06-09,2024-07-22,16.79,6,100.74,1
27_MOUNTMEND_4634,27,4634,Gold Crown Wh Rum,1.75L,9552,M S WALKER INC             ,11287,2024-07-20,2024-07-28,2024-08-03,2024-09-16,8.52,5,42.6,1
33_HORNSEY_5342,33,5342,Grand Marnier,750mL,8112,MOET HENNESSY USA INC      ,12243,2024-09-23,2024-09-30,2024-10-04,2024-11-07,19.85,10,198.5,1
19_WINTERVALE_7535,19,7535,Gekkeikan Sake,750mL,8320,SHAW ROSS INT L IMP LTD    ,12582,2024-10-12,2024-10-20,2024-10-30,2024-12-10,4.44,12,53.28,1
15_WANBORNE_31488,15,31488,Barefoot Chard Cal,750mL,3252,E & J GALLO WINERY         ,12016,2024-09-08,2024-09-12,2024-09-26,2024-11-01,3.44,12,41.28,2
34_PITMERDEN_17297,34,17297,Clos du Bois Rouge,750mL,1392,CONSTELLATION BRANDS INC   ,11156,2024-07-12,2024-07-22,2024-07-25,2024-09-04,5.88,11,64.68,2
50_MOUNTMEND_2951,50,2951,Old Bushmills Irish Whiskey,1.75L,7245,PROXIMO SPIRITS INC.       ,11216,2024-07-15,2024-07-18,2024-08-02,2024-08-29,28.78,5,143.9,1
22_SHARNWICK_7978,22,7978,M & R X Dry Vermouth,750mL,480,BACARDI USA INC            ,13103,2024-11-17,2024-11-21,2024-12-01,2025-01-03,3.95,12,47.4,1
50_MOUNTMEND_2432,50,2432,Crown Royal,750mL,3960,DIAGEO NORTH AMERICA INC   ,11028,2024-07-03,2024-07-15,2024-07-26,2024-08-18,17.59,22,386.98,1
31_HORNSEY_3858,31,3858,Grey Goose Vodka,750mL,480,BACARDI USA INC            ,13149,2024-11-21,2024-12-01,2024-12-12,2025-01-11,17.77,22,390.94,1
68_SOLARIS_26092,68,26092,Blackstone Merlot Cal,750mL,1392,CONSTELLATION BRANDS INC   ,13375,2024-12-06,2024-12-13,2024-12-20,2025-01-28,4.79,12,57.48,2
57_LANTEGLOS_3505,57,3505,Tito's Handmade Vodka,750mL,4425,MARTIGNETTI COMPANIES,13243,2024-11-27,2024-12-05,2024-12-16,2025-01-19,13.76,12,165.12,1
76_DONCASTER_26632,76,26632,R Mondavi Pvt Sel Znfdl,750mL,1392,CONSTELLATION BRANDS INC   ,12077,2024-09-13,2024-09-19,2024-10-01,2024-10-27,4.62,12,55.44,2
73_DONCASTER_21367,73,21367,KJ Est 12 Chard Camelot High,750mL,10000,MAJESTIC FINE WINES        ,8346,2024-01-05,2024-01-13,2024-01-18,2024-02-18,20.4,12,244.8,2
38_GOULCREST_8621,38,8621,Sho Chiku Bai Takara Sake,750mL,8920,TAKARA SAKE USA INC        ,13302,2024-11-30,2024-12-05,2024-12-13,2025-01-19,4.59,11,50.49,1
58_HARTLEPOOL_42881,58,42881,La Bastarda Pnt Gr Sicily,750mL,10754,PERFECTA WINES             ,11235,2024-07-17,2024-07-26,2024-08-04,2024-09-09,3.92,12,47.04,2
62_KILMARNOCK_3731,62,3731,Absolut Apeach,750mL,17035,PERNOD RICARD USA          ,11483,2024-08-03,2024-08-08,2024-08-16,2024-09-16,13.38,12,160.56,1
47_PELLA'S WISH_8068,47,8068,Absolut 80 Proof,1.75L,17035,PERNOD RICARD USA          ,9440,2024-03-21,2024-03-29,2024-04-10,2024-05-17,18.24,2,36.48,1
41_LARNWICK_5337,41,5337,Drambuie,750mL,3664,WILLIAM GRANT & SONS INC   ,11408,2024-07-28,2024-08-04,2024-08-14,2024-09-15,20.6,11,226.6,1
2_ASHBORNE_984,2,984,Patron XO Cafe Liqueur,750mL,9165,ULTRA BEVERAGE COMPANY LLP ,9298,2024-03-10,2024-03-17,2024-03-22,2024-04-21,20.63,6,123.78,1
73_DONCASTER_5438,73,5438,Emmets Irish Cream,750mL,3960,DIAGEO NORTH AMERICA INC   ,11191,2024-07-14,2024-07-22,2024-08-01,2024-09-07,7.51,11,82.61,1
11_CARDEND_8515,11,8515,Baileys Chocolate Cherry,750mL,3960,DIAGEO NORTH AMERICA INC   ,9904,2024-04-22,2024-04-26,2024-05-07,2024-06-14,14.61,12,175.32,1
72_HARDERSFIELD_8112,72,8112,Stolichnaya,1.75L,8664,"STOLI GROUP,(USA) LLC      ",8511,2024-01-17,2024-01-29,2024-02-03,2024-03-16,19.52,16,312.32,1
1_HARDERSFIELD_1136,1,1136,Malibu 50ml Sampler Pack,50mL 5 Pk,17035,PERNOD RICARD USA          ,10885,2024-06-25,2024-07-02,2024-07-08,2024-08-11,3.87,19,73.53,1
73_DONCASTER_7982,73,7982,M & R Sweet Vermouth,750mL,480,BACARDI USA INC            ,8877,2024-02-11,2024-02-19,2024-03-01,2024-04-08,3.95,8,31.6,1
74_PAENTMARWY_4089,74,4089,Capt Morgan White,1.75L,3960,DIAGEO NORTH AMERICA INC   ,11589,2024-08-10,2024-08-15,2024-08-30,2024-10-05,14.59,6,87.54,1
23_ARBINGTON_7878,23,7878,Allens Coffee Brandy,1.75L,9552,M S WALKER INC             ,8345,2024-01-05,2024-01-12,2024-01-19,2024-03-02,9.99,16,159.84,1
38_GOULCREST_6293,38,6293,Fetzer Gewurz,750mL,9165,ULTRA BEVERAGE COMPANY LLP ,11560,2024-08-08,2024-08-18,2024-08-27,2024-10-03,5.91,12,70.92,2
76_DONCASTER_3306,76,3306,Hammer & Sickle Vodka,1.75L,4550,KLIN SPIRITS LLC           ,12398,2024-09-30,2024-10-04,2024-10-18,2024-11-15,20.86,2,41.72,1
71_CLARCTON_1961,71,1961,Everclear 151,1.75L,8352,LUXCO INC                  ,8812,2024-02-07,2024-02-18,2024-02-27,2024-03-30,23.91,6,143.46,1
74_PAENTMARWY_4385,74,4385,Parrot Bay 90 Coconut Capt,1.75L,3960,DIAGEO NORTH AMERICA INC   ,11300,2024-07-21,2024-07-25,2024-08-03,2024-09-14,16.54,6,99.24,1
63_SWORDBREAK_5877,63,5877,Ryans Irish Cream,50mL,8004,SAZERAC CO INC             ,9157,2024-03-01,2024-03-08,2024-03-20,2024-04-22,0.62,116,71.92,1
58_HARTLEPOOL_11828,58,11828,Cupcake Svgn Bl,750mL,9815,WINE GROUP INC             ,12670,2024-10-18,2024-10-27,2024-11-01,2024-12-11,3.97,12,47.64,2
42_BLACK HOLLOW_3216,42,3216,Fleischmanns X Dry Gin,1.75L,660,SAZERAC NORTH AMERICA INC. ,12432,2024-10-02,2024-10-13,2024-10-21,2024-11-29,7.68,6,46.08,1
54_GUTHRAM_3385,54,3385,Pinnacle Strawbry Kiwi Vodka,1.75L,12546,JIM BEAM BRANDS COMPANY    ,11227,2024-07-17,2024-07-26,2024-08-01,2024-09-17,12.97,6,77.82,1
58_HARTLEPOOL_31501,58,31501,Barefoot Wh Znfdl Cal,1.5L,3252,E & J GALLO WINERY         ,12586,2024-10-13,2024-10-18,2024-10-31,2024-12-02,7.53,6,45.18,2
68_SOLARIS_3314,68,3314,El Jimador Blanco Tequila,1.75L,1128,BROWN-FORMAN CORP          ,10378,2024-05-25,2024-05-31,2024-06-11,2024-07-23,19.28,6,115.68,1
55_DRY GULCH_4701,55,4701,Fabrizia Limoncello,750mL,1655,FABRIZIA SPIRITS LLC       ,11048,2024-07-04,2024-07-14,2024-07-23,2024-08-21,12.68,6,76.08,1
38_GOULCREST_15156,38,15156,Yago Sant'Gria Red,3L,8352,LUXCO INC                  ,12198,2024-09-21,2024-09-29,2024-10-08,2024-11-16,8.84,1,8.84,2
68_SOLARIS_5364,68,5364,Kahlua,1.75L,17035,PERNOD RICARD USA          ,13040,2024-11-13,2024-11-23,2024-12-05,2025-01-11,23.07,3,69.21,1
49_GARIGILL_6385,49,6385,Fetzer Sundial Chard,1.5L,9165,ULTRA BEVERAGE COMPANY LLP ,9081,2024-02-24,2024-03-02,2024-03-13,2024-04-10,6.88,2,13.76,2
79_BALLYMENA_22270,79,22270,Markham Cab Svgn,750mL,4425,MARTIGNETTI COMPANIES,10875,2024-06-25,2024-07-02,2024-07-07,2024-08-17,27.02,12,324.24,2
9_BLACKPOOL_759,9,759,Bunnahabhain 12 Yr Single,750mL,9165,ULTRA BEVERAGE COMPANY LLP ,9445,2024-03-21,2024-03-30,2024-04-11,2024-05-13,37.0,3,111.0,1
44_PORTHCRAWL_36558,44,36558,Cruz Garcia Real Sangria Re,1.5L,8320,SHAW ROSS INT L IMP LTD    ,12364,2024-09-27,2024-10-06,2024-10-12,2024-11-17,6.66,6,39.96,2
50_MOUNTMEND_5195,50,5195,Jenkins Melon Liqueur,750mL,9552,M S WALKER INC             ,13379,2024-12-06,2024-12-12,2024-12-23,2025-01-22,4.72,12,56.64,1
64_CESTERFIELD_14701,64,14701,Cupcake Red Velvet,750mL,9815,WINE GROUP INC             ,8285,2023-12-31,2024-01-07,2024-01-18,2024-02-23,4.57,10,45.7,2
81_PEMBROKE_3046,81,3046,Ciroc Peach Vodka,1.75L,3960,DIAGEO NORTH AMERICA INC   ,11794,2024-08-24,2024-08-30,2024-09-09,2024-10-06,35.81,24,859.44,1
19_WINTERVALE_3951,19,3951,Hornitos Reposado Tequila,50mL,12546,JIM BEAM BRANDS COMPANY    ,10451,2024-05-30,2024-06-09,2024-06-20,2024-07-14,1.83,12,21.96,1
23_ARBINGTON_2287,23,2287,Johnnie Walker Double Black,750mL,3960,DIAGEO NORTH AMERICA INC   ,12676,2024-10-19,2024-10-25,2024-11-06,2024-12-05,29.22,36,1051.92,1
31_HORNSEY_6682,31,6682,R M Woodbridge Chard Cal,1.5L,1392,CONSTELLATION BRANDS INC   ,10681,2024-06-15,2024-06-23,2024-06-28,2024-08-08,6.03,5,30.15,2
73_DONCASTER_3016,73,3016,Bombay Sapphire East Gin,750mL,480,BACARDI USA INC            ,10999,2024-07-01,2024-07-07,2024-07-14,2024-08-18,14.59,12,175.08,1
16_LUNDY_6595,16,6595,Bogle Merlot,750mL,4425,MARTIGNETTI COMPANIES,13091,2024-11-16,2024-11-27,2024-12-05,2025-01-11,4.48,11,49.28,2
71_CLARCTON_3671,71,3671,Stolichnaya Razberi,50mL,8664,"STOLI GROUP,(USA) LLC      ",11254,2024-07-18,2024-07-25,2024-08-09,2024-09-01,1.54,120,184.8,1
10_HORNSEY_676,10,676,Pinnacle Whipped Vodka,750mL,12546,JIM BEAM BRANDS COMPANY    ,13557,2024-12-18,2024-12-30,2025-01-04,2025-02-17,8.65,7,60.55,1
41_LARNWICK_8454,41,8454,Tres Agaves Anejo Tequila,750mL,8892,TRINCHERO FAMILY ESTATES   ,10493,2024-06-01,2024-06-08,2024-06-14,2024-07-14,24.8,6,148.8,1
38_GOULCREST_17707,38,17707,Smoking Loon Steelbird Chard,750mL,9552,M S WALKER INC             ,9218,2024-03-06,2024-03-17,2024-03-24,2024-05-05,4.62,59,272.58,2
38_GOULCREST_28888,38,28888,Livingston Clrs Wh Znfdl Cal,3L,3252,E & J GALLO WINERY         ,13187,2024-11-23,2024-11-30,2024-12-13,2025-01-19,8.1,8,64.8,2
71_CLARCTON_34694,71,34694,Valley of the Moon Pnt Bl,750mL,9165,ULTRA BEVERAGE COMPANY LLP ,11185,2024-07-13,2024-07-18,2024-07-30,2024-08-30,9.67,12,116.04,2
39_EASTHALLOW_6938,39,6938,Vendange Chard,1.5L,1392,CONSTELLATION BRANDS INC   ,11526,2024-08-07,2024-08-15,2024-08-26,2024-09-24,4.69,5,23.45,2
73_DONCASTER_3961,73,3961,Grey Goose La Poire Vodka,750mL,480,BACARDI USA INC            ,13103,2024-11-17,2024-11-26,2024-12-01,2025-01-03,18.17,5,90.85,1
53_HILLFAR_2235,53,2235,Deanston SM Virgin Oak,750mL,9165,ULTRA BEVERAGE COMPANY LLP ,11044,2024-07-03,2024-07-11,2024-07-25,2024-08-22,19.56,6,117.36,1
22_SHARNWICK_36473,22,36473,The Crossings Svgn Bl Marlbo,750mL,4425,MARTIGNETTI COMPANIES,10943,2024-06-27,2024-07-05,2024-07-13,2024-08-28,8.38,11,92.18,2
38_GOULCREST_6682,38,6682,R M Woodbridge Chard Cal,1.5L,1392,CONSTELLATION BRANDS INC   ,9523,2024-03-27,2024-04-05,2024-04-17,2024-05-18,6.03,67,404.01,2
55_DRY GULCH_21685,55,21685,Cameron Hughes Cam Col Cab S,750mL,653,STATE WINE & SPIRITS   ,10826,2024-06-24,2024-06-28,2024-07-06,2024-08-07,9.39,4,37.56,2
23_ARBINGTON_20447,23,20447,Barefoot Bubbly Pink Moscato,187mL 4 Pk,3252,E & J GALLO WINERY         ,8438,2024-01-12,2024-01-21,2024-01-25,2024-03-12,6.53,6,39.18,2
27_MOUNTMEND_3356,27,3356,Svedka Vodka,375mL,1392,CONSTELLATION BRANDS INC   ,12655,2024-10-18,2024-10-27,2024-11-03,2024-12-13,4.47,4,17.88,1
71_CLARCTON_3878,71,3878,Smirnoff 80 Proof,750mL,3960,DIAGEO NORTH AMERICA INC   ,9585,2024-03-31,2024-04-06,2024-04-15,2024-05-26,7.96,10,79.6,1
50_MOUNTMEND_8170,50,8170,Courvoisier VS Cognac,50mL,12546,JIM BEAM BRANDS COMPANY    ,11549,2024-08-08,2024-08-17,2024-08-24,2024-09-22,2.17,432,937.44,1
7_STANMORE_5897,7,5897,99 Bananas,750mL,660,SAZERAC NORTH AMERICA INC. ,10894,2024-06-25,2024-07-01,2024-07-08,2024-08-12,7.46,12,89.52,1
52_GRAYCOTT_36378,52,36378,MezzaCorona Pnt Grigio,1.5L,9165,ULTRA BEVERAGE COMPANY LLP ,10344,2024-05-22,2024-06-03,2024-06-12,2024-07-23,6.83,12,81.96,2
79_BALLYMENA_4296,79,4296,Ronrico Silver Rum,1.75L,12546,JIM BEAM BRANDS COMPANY    ,12935,2024-11-06,2024-11-14,2024-11-28,2024-12-28,9.29,5,46.45,1
10_HORNSEY_28947,10,28947,R M Woodbridge Merlot Cal,1.5L,1392,CONSTELLATION BRANDS INC   ,11956,2024-09-05,2024-09-15,2024-09-20,2024-10-27,5.91,6,35.46,2
31_HORNSEY_1396,31,1396,Old Crow,1.75L,12546,JIM BEAM BRANDS COMPANY    ,8928,2024-02-15,2024-02-25,2024-03-07,2024-04-03,10.44,6,62.64,1
57_LANTEGLOS_8202,57,8202,Sambuca Romana,750mL,3960,DIAGEO NORTH AMERICA INC   ,11493,2024-08-04,2024-08-11,2024-08-17,2024-10-02,13.33,12,159.96,1
72_HARDERSFIELD_37731,72,37731,Corbett Canyon Chard,3L,9815,WINE GROUP INC             ,10256,2024-05-16,2024-05-25,2024-06-05,2024-07-12,6.7,5,33.5,2
39_EASTHALLOW_19848,39,19848,Carnivor Cab Svgn,750mL,3252,E & J GALLO WINERY         ,9169,2024-03-02,2024-03-10,2024-03-18,2024-04-26,5.33,12,63.96,2
60_IRRAGIN_1727,60,1727,West Cork Irish Whiskey,750mL,9552,M S WALKER INC             ,12697,2024-10-20,2024-10-24,2024-11-01,2024-12-05,17.05,6,102.3,1
66_EANVERNESS_4227,66,4227,Bacardi Superior Rum Trav,1.75L,480,BACARDI USA INC            ,11748,2024-08-22,2024-09-01,2024-09-06,2024-10-09,14.17,228,3230.76,1
50_MOUNTMEND_19464,50,19464,Flagstone Noon Gun White,750mL,2000,SOUTHERN WINE & SPIRITS NE ,10339,2024-05-22,2024-06-02,2024-06-07,2024-07-19,4.72,6,28.32,2
49_GARIGILL_7279,49,7279,Yago Sant'Gria Red,1.5L,8352,LUXCO INC                  ,11573,2024-08-09,2024-08-16,2024-08-24,2024-10-01,4.63,5,23.15,2
73_DONCASTER_19636,73,19636,Ch St Jean Chard Sonoma Cst,750mL,9819,TREASURY WINE ESTATES      ,11648,2024-08-14,2024-08-22,2024-09-04,2024-10-05,7.99,4,31.96,2
6_GOULCREST_6362,6,6362,Totts Brut Calif,750mL,3252,E & J GALLO WINERY         ,10084,2024-05-05,2024-05-09,2024-05-16,2024-06-29,5.29,12,63.48,2
64_CESTERFIELD_4260,64,4260,Capt Morgan Original Barrel,1.75L,3960,DIAGEO NORTH AMERICA INC   ,11028,2024-07-03,2024-07-14,2024-07-26,2024-08-18,16.66,12,199.92,1
18_FURNESS_2196,18,2196,Canadian Hunter Whiskey,1.75L,8004,SAZERAC CO INC             ,12939,2024-11-06,2024-11-18,2024-11-23,2025-01-01,10.6,12,127.2,1
16_LUNDY_6960,16,6960,Cooks Brut,750mL,1392,CONSTELLATION BRANDS INC   ,10986,2024-06-30,2024-07-08,2024-07-17,2024-08-27,4.6,12,55.2,2
31_HORNSEY_1239,31,1239,Booker's Bourbon,750mL,12546,JIM BEAM BRANDS COMPANY    ,8903,2024-02-12,2024-02-18,2024-02-22,2024-03-29,39.99,3,119.97,1
55_DRY GULCH_2015,55,2015,Jack Daniels Tennessee Honey,750mL,1128,BROWN-FORMAN CORP          ,12951,2024-11-07,2024-11-16,2024-11-29,2024-12-22,18.1,84,1520.4,1
33_HORNSEY_36770,33,36770,Yellow Tail Cab Svgn Ausl,1.5L,4425,MARTIGNETTI COMPANIES,10875,2024-06-25,2024-07-01,2024-07-07,2024-08-17,6.13,4,24.52,2
13_TARMSWORTH_16262,13,16262,The Dreaming Tree Crush Red,750mL,1392,CONSTELLATION BRANDS INC   ,13486,2024-12-13,2024-12-21,2024-12-28,2025-02-12,7.18,11,78.98,2
10_HORNSEY_5391,10,5391,Kamora Coffee,1.75L,12546,JIM BEAM BRANDS COMPANY    ,9305,2024-03-11,2024-03-16,2024-03-23,2024-04-25,12.02,11,132.22,1
69_MOUNTMEND_24779,69,24779,Straccali Chianti,1.5L,6785,PALM BAY INTERNATIONAL INC ,11014,2024-07-01,2024-07-08,2024-07-15,2024-08-21,6.84,6,41.04,2
46__16806,46,16806,Apothic Winemakers White,750mL,3252,E & J GALLO WINERY         ,10633,2024-06-12,2024-06-20,2024-07-03,2024-08-08,5.3,25,132.5,2
75_BARNCOMBE_3746,75,3746,Gordons Vodka 80 Proof,1.75L,3960,DIAGEO NORTH AMERICA INC   ,10936,2024-06-27,2024-07-07,2024-07-16,2024-08-13,8.52,5,42.6,1
7_STANMORE_2722,7,2722,J & B Rare,750mL,3960,DIAGEO NORTH AMERICA INC   ,13392,2024-12-07,2024-12-16,2024-12-22,2025-01-21,17.59,12,211.08,1
2_ASHBORNE_40098,2,40098,Black Box Merlot Cal,3L,1392,CONSTELLATION BRANDS INC   ,10986,2024-06-30,2024-07-08,2024-07-17,2024-08-27,10.38,11,114.18,2
72_HARDERSFIELD_1396,72,1396,Old Crow,1.75L,12546,JIM BEAM BRANDS COMPANY    ,10654,2024-06-13,2024-06-24,2024-07-04,2024-08-04,10.44,6,62.64,1
25_CAERSHIRE_45822,25,45822,Masciarelli Montepulciano,750mL,10754,PERFECTA WINES             ,13535,2024-12-15,2024-12-21,2024-12-30,2025-02-10,5.37,5,26.85,2
74_PAENTMARWY_2398,74,2398,Tullamore Dew,750mL,3664,WILLIAM GRANT & SONS INC   ,13266,2024-11-28,2024-12-07,2024-12-13,2025-01-20,16.4,72,1180.8,1
34_PITMERDEN_8480,34,8480,Clan MacGregor,1.75L,3664,WILLIAM GRANT & SONS INC   ,11107,2024-07-07,2024-07-15,2024-07-19,2024-08-24,11.19,4,44.76,1
41_LARNWICK_3684,41,3684,Fleischmanns Royal Vodka,1.75L,660,SAZERAC NORTH AMERICA INC. ,12118,2024-09-15,2024-09-20,2024-09-28,2024-11-07,7.68,10,76.8,1
41_LARNWICK_4223,41,4223,Bacardi Gold Rum,1.75L,480,BACARDI USA INC            ,11262,2024-07-19,2024-07-28,2024-08-02,2024-09-17,14.92,5,74.6,1
1_HARDERSFIELD_11141,1,11141,C K Mondavi Chard,1.5L,2000,SOUTHERN WINE & SPIRITS NE ,9862,2024-04-19,2024-04-27,2024-05-08,2024-06-09,5.55,6,33.3,2
12_LEESIDE_5197,12,5197,Southern Comfort,375mL,8004,SAZERAC CO INC             ,10946,2024-06-27,2024-07-07,2024-07-11,2024-08-13,5.75,22,126.5,1
31_HORNSEY_44148,31,44148,Polka Dot Rsl Pfalz,750mL,3252,E & J GALLO WINERY         ,8438,2024-01-12,2024-01-21,2024-01-25,2024-03-12,4.66,12,55.92,2
55_DRY GULCH_2366,55,2366,Templeton Rye Whiskey,750mL,9165,ULTRA BEVERAGE COMPANY LLP ,10562,2024-06-06,2024-06-15,2024-06-20,2024-08-02,25.36,6,152.16,1
28_LARNWICK_8023,28,8023,DeKuyper Triple Sec,750mL,12546,JIM BEAM BRANDS COMPANY    ,9708,2024-04-08,2024-04-13,2024-04-20,2024-05-21,3.28,11,36.08,1
60_IRRAGIN_15393,60,15393,Cupcake Pnt Grigio,750mL,9815,WINE GROUP INC             ,10532,2024-06-03,2024-06-09,2024-06-19,2024-07-16,4.51,12,54.12,2
72_HARDERSFIELD_31231,72,31231,Nobilo Svgn Bl MarlborougH,750mL,1392,CONSTELLATION BRANDS INC   ,13645,2024-12-23,2024-12-30,2025-01-10,2025-02-02,6.49,9,58.41,2
19_WINTERVALE_4261,19,4261,Capt Morgan Spiced Rum,1.75L,3960,DIAGEO NORTH AMERICA INC   ,8622,2024-01-25,2024-02-04,2024-02-09,2024-03-13,16.17,34,549.78,1
15_WANBORNE_3286,15,3286,Ciroc Snap Frost Vodka,1.75L,3960,DIAGEO NORTH AMERICA INC   ,9018,2024-02-21,2024-02-29,2024-03-10,2024-04-09,36.08,6,216.48,1
61_AETHELNEY_4226,61,4226,Bacardi Superior Rum Trav,750mL,480,BACARDI USA INC            ,13103,2024-11-17,2024-11-23,2024-12-01,2025-01-03,7.68,34,261.12,1
34_PITMERDEN_3296,34,3296,Belvedere Pink Grapefruit,750mL,8112,MOET HENNESSY USA INC      ,10771,2024-06-21,2024-06-29,2024-07-04,2024-08-20,15.99,10,159.9,1
6_GOULCREST_4291,6,4291,Ronrico Gold,1.75L,12546,JIM BEAM BRANDS COMPANY    ,11416,2024-07-29,2024-08-03,2024-08-16,2024-09-10,10.39,6,62.34,1
60_IRRAGIN_2158,60,2158,Sortilege Liqueur,375mL,6830,PARK STREET IMPORTS LLC    ,12321,2024-09-25,2024-10-04,2024-10-14,2024-11-12,12.4,6,74.4,1
77_TAMWORTH_6553,77,6553,Harveys Bristol Cream Sherry,750mL,12546,JIM BEAM BRANDS COMPANY    ,12134,2024-09-16,2024-09-20,2024-09-29,2024-11-07,7.74,12,92.88,2
73_DONCASTER_5212,73,5212,Margaritaville Silver,1.75L,8004,SAZERAC CO INC             ,11218,2024-07-15,2024-07-22,2024-07-27,2024-09-10,15.38,3,46.14,1
69_MOUNTMEND_41713,69,41713,Fish Eye Merlot,750mL,9815,WINE GROUP INC             ,12906,2024-11-03,2024-11-08,2024-11-22,2024-12-29,3.22,12,38.64,2
34_PITMERDEN_5714,34,5714,Jose Cuervo Lime Margarita,200mL 4 Pk,7245,PROXIMO SPIRITS INC.       ,13536,2024-12-15,2024-12-21,2024-12-29,2025-02-06,7.14,3,21.42,1
4_EANVERNESS_34460,4,34460,Dr Loosen Rsl 'Dr L' M,750mL,4425,MARTIGNETTI COMPANIES,10247,2024-05-16,2024-05-26,2024-06-07,2024-07-05,7.23,12,86.76,2
76_DONCASTER_10874,76,10874,Cantine Maschio Prosecco Brt,750mL,516,BANFI PRODUCTS CORP        ,12108,2024-09-15,2024-09-19,2024-09-27,2024-10-30,7.53,12,90.36,2
61_AETHELNEY_5138,61,5138,Fireball Cinnamon Whisky,750mL,8004,SAZERAC CO INC             ,8867,2024-02-10,2024-02-15,2024-02-27,2024-03-26,11.1,9,99.9,1
49_GARIGILL_6688,49,6688,Ch St Jean Chard California,750mL,9819,TREASURY WINE ESTATES      ,8757,2024-02-02,2024-02-12,2024-02-23,2024-04-01,5.81,7,40.67,2
41_LARNWICK_18988,41,18988,Franzia Chillable Red Tap,5L,9815,WINE GROUP INC             ,12234,2024-09-22,2024-09-28,2024-10-11,2024-11-09,8.9,3,26.7,2
38_GOULCREST_18551,38,18551,Antigal Uno Malbec Mendoza,750mL,9552,M S WALKER INC             ,11692,2024-08-17,2024-08-25,2024-08-31,2024-10-16,10.2,11,112.2,2
6_GOULCREST_22899,6,22899,Simi Svgn Bl,750mL,1392,CONSTELLATION BRANDS INC   ,13375,2024-12-06,2024-12-13,2024-12-20,2025-01-28,6.53,48,313.44,2
51_ABERDEEN_4488,51,4488,Zhenka Tropical Dark Rum,1.75L,9552,M S WALKER INC             ,8345,2024-01-05,2024-01-15,2024-01-19,2024-03-02,8.02,18,144.36,1
2_ASHBORNE_27644,2,27644,Cline Znfdl Cal,750mL,4425,MARTIGNETTI COMPANIES,10068,2024-05-04,2024-05-12,2024-05-16,2024-06-16,6.84,12,82.08,2
60_IRRAGIN_2782,60,2782,The Gifted Horse,750mL,3960,DIAGEO NORTH AMERICA INC   ,9904,2024-04-22,2024-04-28,2024-05-07,2024-06-14,39.05,12,468.6,1
56_BEGGAR'S HOLE_3689,56,3689,Stolichnaya Vanil,750mL,8664,"STOLI GROUP,(USA) LLC      ",11503,2024-08-04,2024-08-10,2024-08-23,2024-09-24,12.77,12,153.24,1
47_PELLA'S WISH_16794,47,16794,Freakshow Cab Svgn,750mL,4425,MARTIGNETTI COMPANIES,11693,2024-08-17,2024-08-26,2024-08-31,2024-10-15,10.94,6,65.64,2
53_HILLFAR_9388,53,9388,Hennessy Privilege VSOP,375mL,8112,MOET HENNESSY USA INC      ,8278,2023-12-31,2024-01-06,2024-01-15,2024-02-15,17.14,12,205.68,1
6_GOULCREST_1346,6,1346,Knob Creek Bourbon,750mL,12546,JIM BEAM BRANDS COMPANY    ,13557,2024-12-18,2024-12-27,2025-01-04,2025-02-17,22.55,5,112.75,1
66_EANVERNESS_7221,66,7221,M & R Sweet Vermouth,1.5L,480,BACARDI USA INC            ,12236,2024-09-23,2024-09-26,2024-10-07,2024-11-10,6.86,5,34.3,2
76_DONCASTER_4438,76,4438,Cruzan Black Cherry Rum,750mL,12546,JIM BEAM BRANDS COMPANY    ,13056,2024-11-14,2024-11-26,2024-11-28,2025-01-15,7.35,10,73.5,1
73_DONCASTER_32907,73,32907,Sterling Vintners Cltn Chard,750mL,1590,DIAGEO CHATEAU ESTATE WINES,13206,2024-11-24,2024-11-29,2024-12-06,2025-01-10,5.37,21,112.77,2
72_HARDERSFIELD_4764,72,4764,Flor de Cana Gran Rsv Rum,750mL,3664,WILLIAM GRANT & SONS INC   ,9276,2024-03-09,2024-03-15,2024-03-22,2024-05-06,14.81,3,44.43,1
58_HARTLEPOOL_8793,58,8793,Fabrizia's Margarita RTD,1.75L,1655,FABRIZIA SPIRITS LLC       ,12196,2024-09-21,2024-09-29,2024-10-04,2024-11-11,15.07,1,15.07,1
17_OLDHAM_3696,17,3696,Gilbeys Vodka,1.75L,12546,JIM BEAM BRANDS COMPANY    ,9118,2024-02-28,2024-03-08,2024-03-19,2024-04-21,7.6,6,45.6,1
74_PAENTMARWY_27105,74,27105,Lan Rioja 2011 Ltd Edition,750mL,7153,PINE STATE TRADING CO      ,12049,2024-09-11,2024-09-21,2024-10-01,2024-11-01,29.79,6,178.74,2
1_HARDERSFIELD_28658,1,28658,R Mondavi Pnt Nr Pvt Sel,750mL,1392,CONSTELLATION BRANDS INC   ,8108,2023-12-20,2024-01-01,2024-01-11,2024-02-10,4.53,12,54.36,2
66_EANVERNESS_4346,66,4346,Mr Boston Dark Rum,1.75L,660,SAZERAC NORTH AMERICA INC. ,13402,2024-12-07,2024-12-15,2024-12-22,2025-01-19,8.39,6,50.34,1
74_PAENTMARWY_2757,74,2757,Johnnie Walker Red Label,1.75L,3960,DIAGEO NORTH AMERICA INC   ,9199,2024-03-04,2024-03-07,2024-03-21,2024-04-29,22.38,4,89.52,1
21_BALERNO_3827,21,3827,Popov Vodka,1.75L,3960,DIAGEO NORTH AMERICA INC   ,11907,2024-09-01,2024-09-06,2024-09-13,2024-10-19,9.28,6,55.68,1
43_WOLFORD_3684,43,3684,Fleischmanns Royal Vodka,1.75L,660,SAZERAC NORTH AMERICA INC. ,9925,2024-04-24,2024-05-04,2024-05-13,2024-06-14,7.68,16,122.88,1
32_MOUNTMEND_33879,32,33879,Gallo Twin Valley Wh Merlot,1.5L,3252,E & J GALLO WINERY         ,8537,2024-01-19,2024-01-26,2024-02-07,2024-03-08,6.45,6,38.7,2
6_GOULCREST_41034,6,41034,Menage a Trois Red,750mL,8892,TRINCHERO FAMILY ESTATES   ,9545,2024-03-28,2024-04-04,2024-04-18,2024-05-19,5.26,24,126.24,2
22_SHARNWICK_3364,22,3364,Absolut Ruby Red,1.75L,17035,PERNOD RICARD USA          ,9440,2024-03-21,2024-03-28,2024-04-10,2024-05-17,17.85,6,107.1,1
33_HORNSEY_3913,33,3913,Svedka Vodka,1.75L,1392,CONSTELLATION BRANDS INC   ,12518,2024-10-09,2024-10-21,2024-10-24,2024-11-28,14.28,3,42.84,1
73_DONCASTER_2062,73,2062,Woodford Reserve Bourbon,1.75L,1128,BROWN-FORMAN CORP          ,10201,2024-05-13,2024-05-19,2024-05-24,2024-07-08,44.11,3,132.33,1
13_TARMSWORTH_3444,13,3444,Hornitos Plata Tequila,1.75L,12546,JIM BEAM BRANDS COMPANY    ,13421,2024-12-08,2024-12-14,2024-12-24,2025-01-21,29.13,6,174.78,1
68_SOLARIS_33214,68,33214,Sycamore Lane Merlot Cal,1.5L,8892,TRINCHERO FAMILY ESTATES   ,10255,2024-05-16,2024-05-24,2024-05-30,2024-07-15,5.82,2,11.64,2
1_HARDERSFIELD_2121,1,2121,Canadian Club Traveler,750mL,12546,JIM BEAM BRANDS COMPANY    ,11464,2024-08-02,2024-08-12,2024-08-22,2024-09-22,7.8,10,78.0,1
15_WANBORNE_3488,15,3488,Tanqueray,750mL,3960,DIAGEO NORTH AMERICA INC   ,11794,2024-08-24,2024-09-01,2024-09-09,2024-10-06,15.62,9,140.58,1
13_TARMSWORTH_3500,13,3500,Tito's Handmade Vodka,50mL,4425,MARTIGNETTI COMPANIES,11053,2024-07-04,2024-07-13,2024-07-25,2024-08-22,1.07,58,62.06,1
10_HORNSEY_8562,10,8562,DeKuyper Peachtree Trav,1.75L,12546,JIM BEAM BRANDS COMPANY    ,11227,2024-07-17,2024-07-27,2024-08-01,2024-09-17,11.44,4,45.76,1
14_BROMWICH_8450,14,8450,E & J Brandy VS,1.75L,3252,E & J GALLO WINERY         ,8879,2024-02-11,2024-02-17,2024-02-25,2024-04-06,13.86,5,69.3,1
75_BARNCOMBE_5780,75,5780,Malibu Black,750mL,17035,PERNOD RICARD USA          ,11372,2024-07-26,2024-08-02,2024-08-12,2024-09-12,10.44,11,114.84,1
31_HORNSEY_5765,31,5765,Jose Cuervo Lime Margarita,1.75L,7245,PROXIMO SPIRITS INC.       ,11680,2024-08-16,2024-08-25,2024-08-30,2024-10-14,10.36,5,51.8,1
73_DONCASTER_5962,73,5962,Vermont Ice Maple Creme,750mL,9165,ULTRA BEVERAGE COMPANY LLP ,11044,2024-07-03,2024-07-12,2024-07-25,2024-08-22,17.26,6,103.56,1
55_DRY GULCH_25021,55,25021,Mark West Black Pnt Nr,750mL,1392,CONSTELLATION BRANDS INC   ,12457,2024-10-04,2024-10-12,2024-10-25,2024-11-28,7.28,12,87.36,2
60_IRRAGIN_31186,60,31186,Almaden Merlot Cal B/B,5L,9815,WINE GROUP INC             ,12012,2024-09-07,2024-09-12,2024-09-25,2024-10-28,10.8,4,43.2,2
76_DONCASTER_3762,76,3762,Patron Silver Tequila,50mL,9165,ULTRA BEVERAGE COMPANY LLP ,11969,2024-09-05,2024-09-14,2024-09-27,2024-10-21,4.61,58,267.38,1
73_DONCASTER_31493,73,31493,Barefoot Merlot Cal,750mL,3252,E & J GALLO WINERY         ,10953,2024-06-28,2024-07-05,2024-07-13,2024-08-14,3.33,12,39.96,2
22_SHARNWICK_3405,22,3405,Tito's Handmade Vodka,1.75L,4425,MARTIGNETTI COMPANIES,8159,2023-12-23,2024-01-01,2024-01-05,2024-02-13,23.19,11,255.09,1
32_MOUNTMEND_4145,32,4145,Don Q Cristal Rum,1.75L,98450,Serralles Usa LLC          ,10456,2024-05-30,2024-06-10,2024-06-18,2024-07-28,12.68,5,63.4,1
38_GOULCREST_28890,38,28890,Peter Vella Wh Znfdl Cal,5L,3252,E & J GALLO WINERY         ,8438,2024-01-12,2024-01-20,2024-01-25,2024-03-12,9.99,4,39.96,2
81_PEMBROKE_14701,81,14701,Cupcake Red Velvet,750mL,9815,WINE GROUP INC             ,11833,2024-08-26,2024-09-03,2024-09-07,2024-10-08,4.57,60,274.2,2
69_MOUNTMEND_10254,69,10254,Beringer Classic Chard,750mL,9819,TREASURY WINE ESTATES      ,10828,2024-06-24,2024-06-30,2024-07-10,2024-08-14,3.37,15,50.55,2
60_IRRAGIN_3745,60,3745,Taaka Vodka Traveler,750mL,8004,SAZERAC CO INC             ,8611,2024-01-24,2024-02-01,2024-02-10,2024-03-18,3.07,9,27.63,1
49_GARIGILL_12203,49,12203,Cavit Prosecco Lunetta,187mL 3 Pk,6785,PALM BAY INTERNATIONAL INC ,11057,2024-07-04,2024-07-15,2024-07-22,2024-08-27,6.84,8,54.72,2
30_CULCHETH_3295,30,3295,Tito's Handmade Vodka,375mL,4425,MARTIGNETTI COMPANIES,12047,2024-09-11,2024-09-22,2024-10-02,2024-10-29,7.93,12,95.16,1
57_LANTEGLOS_4113,57,4113,Capt Morgan White,50mL,3960,DIAGEO NORTH AMERICA INC   ,13084,2024-11-16,2024-11-25,2024-12-03,2025-01-06,0.74,115,85.1,1
72_HARDERSFIELD_3857,72,3857,Grey Goose Vodka,1.75L,480,BACARDI USA INC            ,13238,2024-11-27,2024-12-09,2024-12-20,2025-01-23,38.27,6,229.62,1
76_DONCASTER_6498,76,6498,Franzia Chablis Old World C,5L,9815,WINE GROUP INC             ,12670,2024-10-18,2024-10-28,2024-11-01,2024-12-11,9.73,4,38.92,2
34_PITMERDEN_5367,34,5367,Sambuca di Amore,750mL,660,SAZERAC NORTH AMERICA INC. ,13402,2024-12-07,2024-12-15,2024-12-22,2025-01-19,5.83,1,5.83,1
49_GARIGILL_24535,49,24535,Giesen Svgn Bl,750mL,653,STATE WINE & SPIRITS   ,9703,2024-04-07,2024-04-12,2024-04-20,2024-05-31,7.74,12,92.88,2
67_EANVERNESS_31201,67,31201,Beringer Fndrs Est Cab Svgn,750mL,9819,TREASURY WINE ESTATES      ,8147,2023-12-22,2024-01-02,2024-01-05,2024-02-17,6.03,12,72.36,2
33_HORNSEY_15737,33,15737,Naked Ryan Patrick Vyd Chard,750mL,90047,CRUSH WINES                ,10117,2024-05-08,2024-05-20,2024-05-27,2024-06-26,6.49,4,25.96,2
11_CARDEND_27854,11,27854,F Coppola Black Label Claret,750mL,2000,SOUTHERN WINE & SPIRITS NE ,10339,2024-05-22,2024-06-02,2024-06-07,2024-07-19,10.2,12,122.4,2
66_EANVERNESS_8361,66,8361,Carlo Rossi Chablis Calif,4L,3252,E & J GALLO WINERY         ,8238,2023-12-29,2024-01-04,2024-01-18,2024-02-14,10.06,8,80.48,2
14_BROMWICH_28947,14,28947,R M Woodbridge Merlot Cal,1.5L,1392,CONSTELLATION BRANDS INC   ,13121,2024-11-18,2024-11-21,2024-12-01,2024-12-29,5.91,18,106.38,2
63_SWORDBREAK_14706,63,14706,Cupcake Prosecco,750mL,9815,WINE GROUP INC             ,8285,2023-12-31,2024-01-05,2024-01-18,2024-02-23,4.6,12,55.2,2
60_IRRAGIN_6570,60,6570,Kendall Jackson Chard Vt RSV,750mL,10000,MAJESTIC FINE WINES        ,13191,2024-11-23,2024-12-01,2024-12-10,2025-01-10,6.77,50,338.5,2
34_PITMERDEN_2143,34,2143,Canadian Mist,1.75L,1128,BROWN-FORMAN CORP          ,10378,2024-05-25,2024-05-30,2024-06-11,2024-07-23,10.07,3,30.21,1
4_EANVERNESS_6937,4,6937,Cavit Pinot Grigio,1.5L,6785,PALM BAY INTERNATIONAL INC ,9221,2024-03-06,2024-03-16,2024-03-22,2024-04-28,6.75,10,67.5,2
66_EANVERNESS_2443,66,2443,Seagrams VO,1.75L,3960,DIAGEO NORTH AMERICA INC   ,11907,2024-09-01,2024-09-09,2024-09-13,2024-10-19,13.48,12,161.76,1
78_EASTHAVEN_4380,78,4380,Ron Virgin Heavy Bodied Rum,1.75L,9552,M S WALKER INC             ,8712,2024-01-31,2024-02-11,2024-02-23,2024-03-20,10.84,12,130.08,1
61_AETHELNEY_5058,61,5058,Capt Morgan Long Isl Tea RTD,1.75L,3960,DIAGEO NORTH AMERICA INC   ,9766,2024-04-13,2024-04-18,2024-05-01,2024-06-02,11.93,6,71.58,1
24_PALPERROTH_5111,24,5111,Dr McGillicuddy's Mentholmnt,50mL,8004,SAZERAC CO INC             ,13364,2024-12-05,2024-12-15,2024-12-19,2025-02-01,0.72,106,76.32,1
30_CULCHETH_34427,30,34427,Frei Bros RSV Cab Svgn Alex,750mL,3252,E & J GALLO WINERY         ,11656,2024-08-15,2024-08-25,2024-09-03,2024-10-15,13.81,12,165.72,2
22_SHARNWICK_16837,22,16837,Beringer Classic Pink Moscat,750mL,9819,TREASURY WINE ESTATES      ,13332,2024-12-02,2024-12-08,2024-12-12,2025-01-28,3.42,14,47.88,2
50_MOUNTMEND_4722,50,4722,Remy Martin VSOP Cognac,750mL,7239,REMY COINTREAU USA INC     ,11484,2024-08-03,2024-08-08,2024-08-18,2024-09-15,27.77,23,638.71,1
9_BLACKPOOL_5311,9,5311,Amaretto DiSaronno,1.75L,2555,DISARONNO INTERNATIONAL LLC,9098,2024-02-26,2024-03-02,2024-03-15,2024-04-18,23.7,6,142.2,1
21_BALERNO_8819,21,8819,Leroux Blackberry Brandy,750mL,12546,JIM BEAM BRANDS COMPANY    ,13557,2024-12-18,2024-12-29,2025-01-04,2025-02-17,5.1,12,61.2,1
58_HARTLEPOOL_5708,58,5708,Dr McGillicuddy's Root Beer,50mL,8004,SAZERAC CO INC             ,8492,2024-01-15,2024-01-19,2024-02-01,2024-03-13,0.38,4,1.52,1
52_GRAYCOTT_3054,52,3054,Smirnoff Kissed Caramel,750mL,3960,DIAGEO NORTH AMERICA INC   ,13487,2024-12-13,2024-12-23,2024-12-29,2025-02-06,8.14,11,89.54,1
39_EASTHALLOW_24188,39,24188,St Francis Cab Svgn Sonoma,750mL,4692,KOBRAND CORPORATION        ,9262,2024-03-09,2024-03-17,2024-03-23,2024-04-30,8.55,12,102.6,2
39_EASTHALLOW_40098,39,40098,Black Box Merlot Cal,3L,1392,CONSTELLATION BRANDS INC   ,8419,2024-01-11,2024-01-18,2024-01-30,2024-03-01,10.38,5,51.9,2
55_DRY GULCH_2520,55,2520,The Macallan 12 Yr Old,750mL,2561,EDRINGTON AMERICAS         ,11172,2024-07-13,2024-07-19,2024-08-01,2024-09-02,42.21,11,464.31,1
74_PAENTMARWY_3246,74,3246,Bentley's Vodka,1.75L,8004,SAZERAC CO INC             ,8561,2024-01-20,2024-01-29,2024-02-01,2024-03-15,6.71,9,60.39,1
38_GOULCREST_840,38,840,Bols Peach Flavored Brandy,Liter,6213,MHW LTD                    ,11146,2024-07-11,2024-07-19,2024-08-01,2024-09-11,8.79,12,105.48,1
33_HORNSEY_24634,33,24634,Marques de Caceres RSV Red,750mL,1587,VINEYARD BRANDS INC        ,11831,2024-08-26,2024-09-02,2024-09-06,2024-10-17,10.27,35,359.45,2
58_HARTLEPOOL_2752,58,2752,Johnnie Walker Black Label,750mL,3960,DIAGEO NORTH AMERICA INC   ,12369,2024-09-28,2024-10-06,2024-10-13,2024-11-24,26.31,12,315.72,1
38_GOULCREST_11460,38,11460,Freemark Abbey Cab Svgn Napa,750mL,9552,M S WALKER INC             ,8553,2024-01-20,2024-01-25,2024-02-01,2024-03-13,27.02,12,324.24,2
7_STANMORE_35862,7,35862,Allegrini Palazzo Della Tor,750mL,3252,E & J GALLO WINERY         ,8879,2024-02-11,2024-02-19,2024-02-25,2024-04-06,13.6,12,163.2,2
