InventoryId,Store,Brand,Description,Size,SalesQuantity,SalesDollars,SalesPrice,SalesDate,Volume,Classification,ExciseTax,VendorNo,VendorName
14_BROMWICH_8200,14,8200,Chambord Liqueur de France,50mL,1,2.99,2.99,2024-01-16,50.0,1,0.05,1128,BROWN-FORMAN CORP          
69_MOUNTMEND_21019,69,21019,Black Box Pnt Nr,3L,1,18.99,18.99,2024-04-07,3000.0,2,0.45,1392,CONSTELLATION BRANDS INC   
69_MOUNTMEND_7143,69,7143,Smirnoff Watermelon Vodka,1.75L,1,19.99,19.99,2024-07-28,1750.0,1,1.84,3960,DIAGEO NORTH AMERICA INC   
19_WINTERVALE_6590,19,6590,Almaden B/B Wh Znfdl Cal,5L,2,29.98,14.99,2024-07-01,5000.0,2,1.5,9815,WINE GROUP INC             
53_HILLFAR_34133,53,34133,Turning Leaf RSV Cab Svgn,1.5L,1,9.99,9.99,2024-05-14,1500.0,2,0.22,3252,E & J GALLO WINERY         
73_DONCASTER_26091,73,26091,Pacific Rim Rsl,750mL,1,8.99,8.99,2024-08-26,750.0,2,0.11,9165,ULTRA BEVERAGE COMPANY LLP 
66_EANVERNESS_3768,66,3768,Jenkins Vodka,750mL,2,11.98,5.99,2024-07-05,750.0,1,1.57,9552,M S WALKER INC             
10_HORNSEY_1375,10,1375,Jim Beam,750mL,2,29.98,14.99,2024-11-30,750.0,1,1.57,12546,JIM BEAM BRANDS COMPANY    
34_PITMERDEN_8421,34,8421,Beringer Classic Wh Znfdl,750mL,1,5.65,5.65,2024-09-12,750.0,2,0.11,9819,TREASURY WINE ESTATES      
42_BLACK HOLLOW_25202,42,25202,Rosenblum R Sauret Zinfandel,750mL,1,11.99,11.99,2024-08-14,750.0,2,0.11,1590,DIAGEO CHATEAU ESTATE WINES
10_HORNSEY_1634,10,1634,The Famous Grouse,1.75L,1,27.99,27.99,2024-08-02,1750.0,1,1.84,2561,EDRINGTON AMERICAS         
34_PITMERDEN_28214,34,28214,Lagaria Venezie Pnt Grigio,750mL,1,11.99,11.99,2024-02-19,750.0,2,0.11,4425,MARTIGNETTI COMPANIES
66_EANVERNESS_7891,66,7891,DeLeon Platinum Tequila,750mL,1,34.99,34.99,2024-12-31,750.0,1,0.79,3960,DIAGEO NORTH AMERICA INC   
63_SWORDBREAK_3876,63,3876,Smirnoff 80 Proof,1.75L,4,79.96,19.99,2024-07-01,1750.0,1,7.35,3960,DIAGEO NORTH AMERICA INC   
20_BREDWARDINE_2127,20,2127,Canadian Ltd,1.75L,5,52.45,10.49,2024-09-24,1750.0,1,9.19,660,SAZERAC NORTH AMERICA INC. 
73_DONCASTER_4198,73,4198,Sailor Jerry Spiced Navy Rum,1.75L,2,49.98,24.99,2024-07-25,1750.0,1,3.67,3664,WILLIAM GRANT & SONS INC   
66_EANVERNESS_8097,66,8097,Patron Citronge Orange,375mL,1,13.99,13.99,2024-01-17,375.0,1,0.39,9165,ULTRA BEVERAGE COMPANY LLP 
73_DONCASTER_8085,73,8085,Wild Turkey,1.75L,1,35.99,35.99,2024-08-27,1750.0,1,1.84,11567,CAMPARI AMERICA            
36_LEWES_2585,36,2585,Jameson Irish Whiskey,750mL,12,275.88,22.99,2024-07-13,750.0,1,9.45,17035,PERNOD RICARD USA          
39_EASTHALLOW_6479,39,6479,Clos du Bois Chard,750mL,13,116.87,8.99,2024-07-22,750.0,2,1.46,1392,CONSTELLATION BRANDS INC   
72_HARDERSFIELD_1770,72,1770,Jack Daniels Tennessee Fire,1.75L,3,113.97,37.99,2024-08-23,1750.0,1,5.51,1128,BROWN-FORMAN CORP          
38_GOULCREST_4204,38,4204,Bacardi Coco Rum,750mL,1,11.99,11.99,2024-02-28,750.0,1,0.79,480,BACARDI USA INC            
6_GOULCREST_6995,6,6995,Carlo Rossi Spanada Sangria,1.5L,1,6.99,6.99,2024-08-09,1500.0,2,0.22,3252,E & J GALLO WINERY         
50_MOUNTMEND_21334,50,21334,Ilauri Prosecco Extra Dry,750mL,1,12.99,12.99,2024-11-21,750.0,2,0.11,7255,PSP WINES 
76_DONCASTER_23886,76,23886,Cycles Gladiator Chard,750mL,1,10.99,10.99,2024-06-04,750.0,2,0.11,10754,PERFECTA WINES             
21_BALERNO_36380,21,36380,Sebastiani Znfdl Sonoma Cnty,750mL,13,129.87,9.99,2024-01-30,750.0,2,1.46,4425,MARTIGNETTI COMPANIES
77_TAMWORTH_6115,77,6115,Midnight Moon Raspberry,750mL,1,19.99,19.99,2024-03-13,750.0,1,0.79,9165,ULTRA BEVERAGE COMPANY LLP 
76_DONCASTER_8448,76,8448,Cruzan Aged Dark Rum,750mL,3,29.97,9.99,2024-08-04,750.0,1,2.36,12546,JIM BEAM BRANDS COMPANY    
1_HARDERSFIELD_21329,1,21329,Masi Campofiorin,750mL,1,17.99,17.99,2024-09-14,750.0,2,0.11,9165,ULTRA BEVERAGE COMPANY LLP 
38_GOULCREST_24771,38,24771,Les Darons Lang J Carrel Rou,750mL,1,12.99,12.99,2024-06-23,750.0,2,0.11,10754,PERFECTA WINES             
68_SOLARIS_42413,68,42413,R M Woodbridge Rsl,1.5L,2,19.98,9.99,2024-04-24,1500.0,2,0.45,1392,CONSTELLATION BRANDS INC   
20_BREDWARDINE_29192,20,29192,Perrin Chtnf du Pape,750mL,4,147.96,36.99,2024-02-14,750.0,2,0.45,1587,VINEYARD BRANDS INC        
67_EANVERNESS_2619,67,2619,Glenmorangie Original 10 Yr,1.75L,1,64.99,64.99,2024-09-30,1750.0,1,1.84,8112,MOET HENNESSY USA INC      
1_HARDERSFIELD_3351,1,3351,Pinnacle Whipped Vodka,1.75L,4,67.96,16.99,2024-09-16,1750.0,1,7.35,12546,JIM BEAM BRANDS COMPANY    
66_EANVERNESS_16794,66,16794,Freakshow Cab Svgn,750mL,1,18.99,18.99,2024-02-07,750.0,2,0.11,4425,MARTIGNETTI COMPANIES
10_HORNSEY_7198,10,7198,New Amsterdam Pineapple Vdka,750mL,2,19.98,9.99,2024-06-10,750.0,1,1.57,3252,E & J GALLO WINERY         
13_TARMSWORTH_5399,13,5399,Goldschlager Cinnamon Schna,50mL,2,3.98,1.99,2024-07-31,50.0,1,0.1,3960,DIAGEO NORTH AMERICA INC   
60_IRRAGIN_16431,60,16431,HandCraft Artisan Coll Cab S,750mL,1,8.99,8.99,2024-03-17,750.0,2,0.11,2242,DELICATO VINEYARDS INC     
42_BLACK HOLLOW_41072,42,41072,Angeline Pnt Nr Rsv,750mL,1,13.99,13.99,2024-02-05,750.0,2,0.11,9552,M S WALKER INC             
73_DONCASTER_25578,73,25578,Parducci 13 True Grit Chard,750mL,11,142.89,12.99,2024-11-05,750.0,2,1.24,9552,M S WALKER INC             
18_FURNESS_40193,18,40193,Mark West Chard Sonoma Cnty,750mL,1,7.49,7.49,2024-05-18,750.0,2,0.11,1392,CONSTELLATION BRANDS INC   
52_GRAYCOTT_5445,52,5445,Jagermeister Liqueur,750mL,1,15.99,15.99,2024-01-04,750.0,1,0.79,3089,SIDNEY FRANK IMPORTING CO  
72_HARDERSFIELD_8819,72,8819,Leroux Blackberry Brandy,750mL,2,15.98,7.99,2024-06-07,750.0,1,1.57,12546,JIM BEAM BRANDS COMPANY    
41_LARNWICK_19260,41,19260,The Beach House Pinot Grigio,750mL,1,11.99,11.99,2024-10-28,750.0,2,0.11,653,STATE WINE & SPIRITS   
31_HORNSEY_5111,31,5111,Dr McGillicuddy's Mentholmnt,50mL,11,10.89,0.99,2024-05-08,50.0,1,0.58,8004,SAZERAC CO INC             
54_GUTHRAM_6319,54,6319,Santa Cristina Toscana,750mL,1,10.95,10.95,2024-09-30,750.0,2,0.11,8673,STE MICHELLE WINE ESTATES  
50_MOUNTMEND_12771,50,12771,Joel Gott Cab Svgn 815,750mL,3,38.97,12.99,2024-10-26,750.0,2,0.34,8892,TRINCHERO FAMILY ESTATES   
65_LUTON_39599,65,39599,R M Woodbridge Chard Cal,187mL 4 Pk,1,7.99,7.99,2024-01-31,187.0,2,0.03,1392,CONSTELLATION BRANDS INC   
12_LEESIDE_3485,12,3485,Luksusowa Potato Vodka,1.75L,3,59.97,19.99,2024-06-17,1750.0,1,5.51,4425,MARTIGNETTI COMPANIES
22_SHARNWICK_3310,22,3310,Pinnacle Vodka,375mL,2,11.98,5.99,2024-12-03,375.0,1,0.79,12546,JIM BEAM BRANDS COMPANY    
60_IRRAGIN_33960,60,33960,Allegrini Valpolicella Clsc,750mL,1,15.99,15.99,2024-08-14,750.0,2,0.11,3252,E & J GALLO WINERY         
68_SOLARIS_5233,68,5233,Cointreau Liqueur,375mL,2,41.98,20.99,2024-03-05,375.0,1,0.79,7239,REMY COINTREAU USA INC     
76_DONCASTER_1261,76,1261,Jim Beam Kentucky Fire,50mL,4,3.96,0.99,2024-05-30,50.0,1,0.21,12546,JIM BEAM BRANDS COMPANY    
11_CARDEND_12697,11,12697,Tapiz Malbec Mendoza,750mL,2,23.98,11.99,2024-09-28,750.0,2,0.22,653,STATE WINE & SPIRITS   
18_FURNESS_31186,18,31186,Almaden Merlot Cal B/B,5L,2,31.98,15.99,2024-02-15,5000.0,2,1.5,9815,WINE GROUP INC             
56_BEGGAR'S HOLE_8590,56,8590,Arrow Peppermint Schnapps,750mL,1,7.99,7.99,2024-09-12,750.0,1,0.79,8352,LUXCO INC                  
8_ALNERWICK_8451,8,8451,Cruzan Aged Dark Rum,1.75L,1,16.99,16.99,2024-12-17,1750.0,1,1.84,12546,JIM BEAM BRANDS COMPANY    
49_GARIGILL_1737,49,1737,Makers Mark,1.75L,1,52.99,52.99,2024-03-08,1750.0,1,1.84,12546,JIM BEAM BRANDS COMPANY    
66_EANVERNESS_36523,66,36523,Ch Macard Brdx Superieur,750mL,4,59.96,14.99,2024-02-12,750.0,2,0.45,4425,MARTIGNETTI COMPANIES
77_TAMWORTH_3161,77,3161,New Amsterdam Red Berry,750mL,1,10.99,10.99,2024-07-10,750.0,1,0.79,3252,E & J GALLO WINERY         
67_EANVERNESS_1956,67,1956,Balvenie 12 Yr Doublewood S,750mL,5,274.95,54.99,2024-12-17,750.0,1,3.94,3664,WILLIAM GRANT & SONS INC   
12_LEESIDE_3726,12,3726,Gilbeys Vodka Traveler,750mL,2,9.98,4.99,2024-09-14,750.0,1,1.57,12546,JIM BEAM BRANDS COMPANY    
8_ALNERWICK_6173,8,6173,Gallo Fairbanks Red Port,1.5L,2,15.98,7.99,2024-05-31,1500.0,2,0.45,3252,E & J GALLO WINERY         
78_EASTHAVEN_23739,78,23739,Liberty School Cab Svgn,750mL,1,13.99,13.99,2024-03-08,750.0,2,0.11,4425,MARTIGNETTI COMPANIES
10_HORNSEY_5033,10,5033,Fireball Cinnamon Whisky,Liter,1,17.99,17.99,2024-10-31,1000.0,1,1.05,8004,SAZERAC CO INC             
51_ABERDEEN_3476,51,3476,Reyka Vodka,750mL,1,19.99,19.99,2024-11-26,750.0,1,0.79,3664,WILLIAM GRANT & SONS INC   
74_PAENTMARWY_1238,74,1238,The Glenlivet 12 Yr Single,50mL,1,4.99,4.99,2024-04-16,50.0,1,0.05,17035,PERNOD RICARD USA          
2_ASHBORNE_3630,2,3630,Stolichnaya Razberi,1.75L,6,149.94,24.99,2024-05-25,1750.0,1,11.02,8664,"STOLI GROUP,(USA) LLC      "
39_EASTHALLOW_26352,39,26352,Armas de Guerra Rosado Mncia,750mL,1,13.99,13.99,2024-07-24,750.0,2,0.11,10754,PERFECTA WINES             
2_ASHBORNE_3979,2,3979,Vesica Potato Vodka,1.75L,1,16.99,16.99,2024-08-12,1750.0,1,1.84,60,ADAMBA IMPORTS INTL INC    
29_AYLESBURY_1416,29,1416,Old Grand Dad,1.75L,1,27.99,27.99,2024-01-02,1750.0,1,1.84,12546,JIM BEAM BRANDS COMPANY    
23_ARBINGTON_46582,23,46582,Grayson Cellars Pnt Nr Cntrl,750mL,1,12.99,12.99,2024-06-16,750.0,2,0.11,10754,PERFECTA WINES             
6_GOULCREST_8395,6,8395,Casamigos Anejo,750mL,1,61.99,61.99,2024-11-11,750.0,1,0.79,6213,MHW LTD                    
79_BALLYMENA_3128,79,3128,Ocean Organic Vodka,50mL,4,23.96,5.99,2024-12-06,50.0,1,0.21,9165,ULTRA BEVERAGE COMPANY LLP 
69_MOUNTMEND_8032,69,8032,Ballatore Gran Spumante,750mL,6,47.94,7.99,2024-11-22,750.0,2,0.68,3252,E & J GALLO WINERY         
73_DONCASTER_676,73,676,Pinnacle Whipped Vodka,750mL,1,10.99,10.99,2024-02-14,750.0,1,0.79,12546,JIM BEAM BRANDS COMPANY    
64_CESTERFIELD_8155,64,8155,Black Velvet Plastic,375mL,1,4.99,4.99,2024-12-16,375.0,1,0.39,1392,CONSTELLATION BRANDS INC   
67_EANVERNESS_3791,67,3791,Jose Cuervo Especial Silver,375mL,1,10.99,10.99,2024-09-05,375.0,1,0.39,7245,PROXIMO SPIRITS INC.       
34_PITMERDEN_903,34,903,Bombay Sapphire Gin,Liter,3,74.97,24.99,2024-07-05,1000.0,1,3.15,480,BACARDI USA INC            
59_CLAETHORPES_3802,59,3802,Three Olives Vodka,1.75L,6,113.94,18.99,2024-12-10,1750.0,1,11.02,7245,PROXIMO SPIRITS INC.       
76_DONCASTER_44912,76,44912,Broadbent Madeira Rainwater,750mL,1,16.99,16.99,2024-08-27,750.0,2,0.11,90024,VINILANDIA USA             
30_CULCHETH_3876,30,3876,Smirnoff 80 Proof,1.75L,2,39.98,19.99,2024-05-14,1750.0,1,3.67,3960,DIAGEO NORTH AMERICA INC   
15_WANBORNE_5103,15,5103,Fireball Cinnamon Whisky,1.75L,1,24.99,24.99,2024-06-15,1750.0,1,1.84,8004,SAZERAC CO INC             
1_HARDERSFIELD_3762,1,3762,Patron Silver Tequila,50mL,2,11.98,5.99,2024-09-11,50.0,1,0.1,9165,ULTRA BEVERAGE COMPANY LLP 
35_HALIVAARA_41252,35,41252,Beringer Classic Pnt Grigio,1.5L,1,7.99,7.99,2024-12-11,1500.0,2,0.22,9819,TREASURY WINE ESTATES      
7_STANMORE_8504,7,8504,R M Woodbridge Cab Svgn Cal,1.5L,6,59.94,9.99,2024-06-02,1500.0,2,1.35,1392,CONSTELLATION BRANDS INC   
12_LEESIDE_25588,12,25588,High Valley Znfdl,750mL,4,55.96,13.99,2024-07-17,750.0,2,0.45,2000,SOUTHERN WINE & SPIRITS NE 
69_MOUNTMEND_25575,69,25575,Louis Latour 14 St Veran Bla,750mL,12,191.88,15.99,2024-12-10,750.0,2,1.35,9552,M S WALKER INC             
23_ARBINGTON_5401,23,5401,Jagermeister Liqueur,200mL,3,14.97,4.99,2024-11-23,200.0,1,0.63,3089,SIDNEY FRANK IMPORTING CO  
7_STANMORE_37821,7,37821,Frescobaldi Sangiovese Remo,750mL,2,13.98,6.99,2024-03-01,750.0,2,0.22,9165,ULTRA BEVERAGE COMPANY LLP 
38_GOULCREST_4250,38,4250,Zaya Grand Reserva Rum,750mL,2,69.98,34.99,2024-08-20,750.0,1,1.57,9165,ULTRA BEVERAGE COMPANY LLP 
13_TARMSWORTH_3351,13,3351,Pinnacle Whipped Vodka,1.75L,3,50.97,16.99,2024-09-27,1750.0,1,5.51,12546,JIM BEAM BRANDS COMPANY    
14_BROMWICH_7198,14,7198,New Amsterdam Pineapple Vdka,750mL,1,10.99,10.99,2024-02-26,750.0,1,0.79,3252,E & J GALLO WINERY         
66_EANVERNESS_3444,66,3444,Hornitos Plata Tequila,1.75L,1,32.99,32.99,2024-06-12,1750.0,1,1.84,12546,JIM BEAM BRANDS COMPANY    
10_HORNSEY_46489,10,46489,Eppa Red Sangria Organic,750mL,1,12.99,12.99,2024-07-13,750.0,2,0.11,4425,MARTIGNETTI COMPANIES
7_STANMORE_5447,7,5447,Jagermeister Liqueur,375mL,3,29.97,9.99,2024-10-14,375.0,1,1.18,3089,SIDNEY FRANK IMPORTING CO  
76_DONCASTER_3583,76,3583,Smirnoff Orange Vodka,1.75L,1,18.99,18.99,2024-11-28,1750.0,1,1.84,3960,DIAGEO NORTH AMERICA INC   
34_PITMERDEN_15138,34,15138,Black Stallion Cab Svgn Napa,750mL,5,124.95,24.99,2024-12-24,750.0,2,0.56,2242,DELICATO VINEYARDS INC     
73_DONCASTER_63,73,63,Herradura Reposado Tequila,750mL,1,38.99,38.99,2024-07-25,750.0,1,0.79,1128,BROWN-FORMAN CORP          
74_PAENTMARWY_4945,74,4945,Jacquin Ginger Brandy,750mL,4,41.96,10.49,2024-09-28,750.0,1,3.15,4380,CHARLES JACQUIN ET CIE INC 
20_BREDWARDINE_1515,20,1515,Old Overholt,750mL,1,13.99,13.99,2024-01-21,750.0,1,0.79,12546,JIM BEAM BRANDS COMPANY    
23_ARBINGTON_40559,23,40559,McManis Cab Svgn Cal,750mL,1,10.99,10.99,2024-01-26,750.0,2,0.11,653,STATE WINE & SPIRITS   
43_WOLFORD_3980,43,3980,Hornitos Reposado Tequila,1.75L,2,79.98,39.99,2024-04-07,1750.0,1,3.67,12546,JIM BEAM BRANDS COMPANY    
76_DONCASTER_10420,76,10420,Barefoot Moscato Cal,750mL,9,44.91,4.99,2024-12-11,750.0,2,1.01,3252,E & J GALLO WINERY         
76_DONCASTER_2646,76,2646,Chivas Regal,1.75L,1,59.99,59.99,2024-01-29,1750.0,1,1.84,17035,PERNOD RICARD USA          
72_HARDERSFIELD_8961,72,8961,Jose Cuervo Especial,50mL,7,10.43,1.49,2024-05-21,50.0,1,0.37,7245,PROXIMO SPIRITS INC.       
66_EANVERNESS_16327,66,16327,Black Box Merlot,500mL,1,3.99,3.99,2024-05-08,500.0,2,0.08,1392,CONSTELLATION BRANDS INC   
50_MOUNTMEND_1174,50,1174,Rebel Yell,1.75L,1,19.99,19.99,2024-07-08,1750.0,1,1.84,8352,LUXCO INC                  
14_BROMWICH_4201,14,4201,Calico Jack Silver Rum,1.75L,1,12.99,12.99,2024-09-08,1750.0,1,1.84,12546,JIM BEAM BRANDS COMPANY    
57_LANTEGLOS_4932,57,4932,Arrow Ginger Brandy,750mL,1,7.99,7.99,2024-12-13,750.0,1,0.79,8352,LUXCO INC                  
61_AETHELNEY_2366,61,2366,Templeton Rye Whiskey,750mL,1,36.99,36.99,2024-02-14,750.0,1,0.79,9165,ULTRA BEVERAGE COMPANY LLP 
79_BALLYMENA_3606,79,3606,Smirnoff Raspberry Vodka,50mL,7,6.93,0.99,2024-05-18,50.0,1,0.37,3960,DIAGEO NORTH AMERICA INC   
48_NORFOLK_4227,48,4227,Bacardi Superior Rum Trav,1.75L,14,251.86,17.99,2024-02-13,1750.0,1,25.72,480,BACARDI USA INC            
23_ARBINGTON_23739,23,23739,Liberty School Cab Svgn,750mL,1,14.99,14.99,2024-12-16,750.0,2,0.11,4425,MARTIGNETTI COMPANIES
34_PITMERDEN_8424,34,8424,1800 Coconut Tequila,750mL,3,68.97,22.99,2024-07-16,750.0,1,2.36,7245,PROXIMO SPIRITS INC.       
68_SOLARIS_32907,68,32907,Sterling Vintners Cltn Chard,750mL,2,19.98,9.99,2024-06-11,750.0,2,0.22,1590,DIAGEO CHATEAU ESTATE WINES
67_EANVERNESS_8680,67,8680,Crown Royal,1.75L,1,39.99,39.99,2024-05-05,1750.0,1,1.84,3960,DIAGEO NORTH AMERICA INC   
38_GOULCREST_22087,38,22087,Juxtapoz Red North Cst,750mL,1,14.99,14.99,2024-08-31,750.0,2,0.11,2242,DELICATO VINEYARDS INC     
66_EANVERNESS_4662,66,4662,Capt Morgan White PET,1.75L,3,59.97,19.99,2024-07-03,1750.0,1,5.51,3960,DIAGEO NORTH AMERICA INC   
53_HILLFAR_24612,53,24612,Estancia Pnt Nr Monterey,750mL,2,18.98,9.49,2024-08-19,750.0,2,0.22,1392,CONSTELLATION BRANDS INC   
34_PITMERDEN_1892,34,1892,Yukon Jack,50mL,21,20.79,0.99,2024-06-08,50.0,1,1.1,3960,DIAGEO NORTH AMERICA INC   
24_PALPERROTH_37071,24,37071,Caymus Conundrum White,750mL,1,22.99,22.99,2024-02-26,750.0,2,0.11,4425,MARTIGNETTI COMPANIES
76_DONCASTER_3345,76,3345,Bombay Sapphire Gin,50mL,1,1.99,1.99,2024-03-26,50.0,1,0.05,480,BACARDI USA INC            
15_WANBORNE_8673,15,8673,Skinnygirl Margarita,750mL,1,9.99,9.99,2024-07-24,750.0,1,0.79,12546,JIM BEAM BRANDS COMPANY    
79_BALLYMENA_26463,79,26463,Ravenswood Vints Blend Znfdl,750mL,1,7.99,7.99,2024-03-23,750.0,2,0.11,1392,CONSTELLATION BRANDS INC   
9_BLACKPOOL_44719,9,44719,Cavit Prosecco Lunetta,750mL,8,71.92,8.99,2024-04-01,750.0,2,0.9,6785,PALM BAY INTERNATIONAL INC 
50_MOUNTMEND_19381,50,19381,O Wines Chard,750mL,1,10.49,10.49,2024-01-24,750.0,2,0.11,8673,STE MICHELLE WINE ESTATES  
76_DONCASTER_8000,76,8000,The Glenlivet 12 Yr Single,1.75L,4,275.96,68.99,2024-05-14,1750.0,1,7.35,17035,PERNOD RICARD USA          
66_EANVERNESS_32367,66,32367,Cavit Pinot Noir Delle Vene,750mL,1,6.99,6.99,2024-01-17,750.0,2,0.11,6785,PALM BAY INTERNATIONAL INC 
59_CLAETHORPES_8513,59,8513,Baileys Irish Cream Mini's 4,100mL 4 Pk,1,10.99,10.99,2024-07-11,100.0,1,0.1,3960,DIAGEO NORTH AMERICA INC   
33_HORNSEY_38549,33,38549,Stemmari Nero D'Avola,750mL,1,6.99,6.99,2024-08-19,750.0,2,0.11,9165,ULTRA BEVERAGE COMPANY LLP 
25_CAERSHIRE_8680,25,8680,Crown Royal,1.75L,1,38.99,38.99,2024-03-29,1750.0,1,1.84,3960,DIAGEO NORTH AMERICA INC   
15_WANBORNE_12666,15,12666,Carpineto Dogajolo Tuscan Wh,750mL,1,9.99,9.99,2024-01-19,750.0,2,0.11,9165,ULTRA BEVERAGE COMPANY LLP 
40_BULLMAR_4130,40,4130,Kraken Black Spiced Rum,375mL,1,11.99,11.99,2024-12-29,375.0,1,0.39,7245,PROXIMO SPIRITS INC.       
24_PALPERROTH_3837,24,3837,Skyy Vodka,50mL,2,1.98,0.99,2024-06-11,50.0,1,0.1,11567,CAMPARI AMERICA            
69_MOUNTMEND_8523,69,8523,Glen Ellen Chard RSV,750mL,1,4.99,4.99,2024-05-31,750.0,2,0.11,9815,WINE GROUP INC             
54_GUTHRAM_1232,54,1232,Jack Daniels No 7 Black,750mL,4,87.96,21.99,2024-11-18,750.0,1,3.15,1128,BROWN-FORMAN CORP          
41_LARNWICK_5872,41,5872,Godiva Chocolate Liqueur,50mL,3,8.97,2.99,2024-10-05,50.0,1,0.16,3960,DIAGEO NORTH AMERICA INC   
50_MOUNTMEND_19977,50,19977,Hideyoshi Namacho Honjozo Sa,300mL,1,10.99,10.99,2024-11-15,300.0,2,0.04,7153,PINE STATE TRADING CO      
67_EANVERNESS_2828,67,2828,Tom Cat Barrel Aged Gin,750mL,1,44.99,44.99,2024-10-11,750.0,1,0.79,1273,CALEDONIA SPIRITS INC      
79_BALLYMENA_41034,79,41034,Menage a Trois Red,750mL,3,29.97,9.99,2024-02-18,750.0,2,0.34,8892,TRINCHERO FAMILY ESTATES   
34_PITMERDEN_38441,34,38441,Toasted Head Cab Svgn,750mL,1,10.99,10.99,2024-03-23,750.0,2,0.11,1392,CONSTELLATION BRANDS INC   
69_MOUNTMEND_3372,69,3372,Smirnoff Sourced Pineapple,750mL,1,9.49,9.49,2024-12-21,750.0,1,0.79,3960,DIAGEO NORTH AMERICA INC   
61_AETHELNEY_31320,61,31320,La Vieille Ferme Rose Vntoux,750mL,1,8.99,8.99,2024-06-16,750.0,2,0.11,1587,VINEYARD BRANDS INC        
66_EANVERNESS_41222,66,41222,C Krug Svgn Bl Napa,750mL,2,33.98,16.99,2024-11-01,750.0,2,0.22,2000,SOUTHERN WINE & SPIRITS NE 
27_MOUNTMEND_39335,27,39335,Phillips Seven Deadly Znfdl,750mL,1,14.99,14.99,2024-09-06,750.0,2,0.11,4425,MARTIGNETTI COMPANIES
54_GUTHRAM_5628,54,5628,Baja Rosa Strawberry Liqueur,750mL,1,9.99,9.99,2024-08-27,750.0,1,0.79,8004,SAZERAC CO INC             
30_CULCHETH_3325,30,3325,Pinnacle Caramel Apple Vodka,750mL,2,21.98,10.99,2024-10-14,750.0,1,1.57,12546,JIM BEAM BRANDS COMPANY    
10_HORNSEY_8370,10,8370,Chi Chi's Margarita,1.75L,1,8.99,8.99,2024-12-22,1750.0,1,1.84,660,SAZERAC NORTH AMERICA INC. 
41_LARNWICK_8367,41,8367,Carlo Rossi Rhine Calif,4L,2,29.98,14.99,2024-11-28,4000.0,2,1.2,3252,E & J GALLO WINERY         
38_GOULCREST_29077,38,29077,Pine Ridge Chn Bl/Viognier,750mL,1,13.99,13.99,2024-08-28,750.0,2,0.11,4425,MARTIGNETTI COMPANIES
10_HORNSEY_1064,10,1064,Jack Daniels Honey + Glass,750mL,1,22.99,22.99,2024-07-11,750.0,1,0.79,1128,BROWN-FORMAN CORP          
77_TAMWORTH_18653,77,18653,Fuki Plum Wine,750mL,1,11.99,11.99,2024-06-09,750.0,2,0.11,7153,PINE STATE TRADING CO      
7_STANMORE_8171,7,8171,Leroux Blackberry Brandy,50mL,1,0.99,0.99,2024-02-17,50.0,1,0.05,12546,JIM BEAM BRANDS COMPANY    
9_BLACKPOOL_19357,9,19357,Kendall Jackson Vntnr Rsv Ch,375mL,1,5.99,5.99,2024-12-22,375.0,2,0.06,10000,MAJESTIC FINE WINES        
48_NORFOLK_2656,48,2656,Cutty Sark,1.75L,1,24.99,24.99,2024-11-18,1750.0,1,1.84,2561,EDRINGTON AMERICAS         
33_HORNSEY_34133,33,34133,Turning Leaf RSV Cab Svgn,1.5L,1,8.99,8.99,2024-01-24,1500.0,2,0.22,3252,E & J GALLO WINERY         
11_CARDEND_3209,11,3209,Hammer & Sickle Vodka,750mL,1,19.99,19.99,2024-07-11,750.0,1,0.79,4550,KLIN SPIRITS LLC           
66_EANVERNESS_4124,66,4124,Blue Chair Bay Banana Cream,50mL,12,11.88,0.99,2024-12-03,50.0,1,0.63,6213,MHW LTD                    
47_PELLA'S WISH_5396,47,5396,Tia Maria Coffee Liqueur,750mL,1,17.99,17.99,2024-10-20,750.0,1,0.79,4692,KOBRAND CORPORATION        
56_BEGGAR'S HOLE_3820,56,3820,Smirnoff Citrus Vodka,1.75L,1,19.99,19.99,2024-05-31,1750.0,1,1.84,3960,DIAGEO NORTH AMERICA INC   
50_MOUNTMEND_2880,50,2880,Bird Dog Chocolate Whiskey,750mL,2,31.98,15.99,2024-04-16,750.0,1,1.57,9625,WESTERN SPIRITS BEVERAGE CO
73_DONCASTER_14672,73,14672,Duckhorn Decoy Cab Svgn,750mL,33,559.35,16.95,2024-11-19,750.0,2,3.71,4425,MARTIGNETTI COMPANIES
76_DONCASTER_32065,76,32065,Rosemount Cab Svgn/Merlot,750mL,2,13.98,6.99,2024-01-22,750.0,2,0.22,4425,MARTIGNETTI COMPANIES
10_HORNSEY_27567,10,27567,Zenato Pinot Grigio Veneto,750mL,2,23.98,11.99,2024-04-19,750.0,2,0.22,2000,SOUTHERN WINE & SPIRITS NE 
23_ARBINGTON_3505,23,3505,Tito's Handmade Vodka,750mL,2,37.98,18.99,2024-07-27,750.0,1,1.57,4425,MARTIGNETTI COMPANIES
64_CESTERFIELD_28889,64,28889,Peter Vella Chard Cal B/B,5L,1,15.49,15.49,2024-08-13,5000.0,2,0.75,3252,E & J GALLO WINERY         
60_IRRAGIN_3161,60,3161,New Amsterdam Red Berry,750mL,1,9.99,9.99,2024-06-06,750.0,1,0.79,3252,E & J GALLO WINERY         
73_DONCASTER_5396,73,5396,Tia Maria Coffee Liqueur,750mL,1,16.99,16.99,2024-01-08,750.0,1,0.79,4692,KOBRAND CORPORATION        
21_BALERNO_4040,21,4040,Clement Select Barrel Rhum,750mL,1,28.99,28.99,2024-04-11,750.0,1,0.79,9165,ULTRA BEVERAGE COMPANY LLP 
39_EASTHALLOW_3344,39,3344,Bombay Sapphire Gin,750mL,2,39.98,19.99,2024-07-06,750.0,1,1.57,480,BACARDI USA INC            
76_DONCASTER_1158,76,1158,Old New England Choc Egg Nog,750mL,2,13.98,6.99,2024-11-04,750.0,1,1.57,9552,M S WALKER INC             
19_WINTERVALE_8838,19,8838,Ch Ste Michelle Cab Svgn Col,750mL,1,13.99,13.99,2024-06-04,750.0,2,0.11,8673,STE MICHELLE WINE ESTATES  
15_WANBORNE_6879,15,6879,Maurice's Mentholated Mint,50mL,2,1.98,0.99,2024-02-19,50.0,1,0.1,9552,M S WALKER INC             
43_WOLFORD_8451,43,8451,Cruzan Aged Dark Rum,1.75L,1,16.99,16.99,2024-05-27,1750.0,1,1.84,12546,JIM BEAM BRANDS COMPANY    
67_EANVERNESS_40053,67,40053,Campo Viejo Tempranillo,750mL,1,10.99,10.99,2024-07-02,750.0,2,0.11,17035,PERNOD RICARD USA          
71_CLARCTON_15252,71,15252,Bota Mini Chard,500mL,1,3.99,3.99,2024-12-15,500.0,2,0.08,2242,DELICATO VINEYARDS INC     
44_PORTHCRAWL_8828,44,8828,Lunazul Blanco Tequila,750mL,1,13.99,13.99,2024-12-23,750.0,1,0.79,3924,HEAVEN HILL DISTILLERIES   
38_GOULCREST_8190,38,8190,Gran Centenario Rosangel,750mL,1,15.99,15.99,2024-09-22,750.0,1,0.79,7245,PROXIMO SPIRITS INC.       
73_DONCASTER_2120,73,2120,Canadian Club,1.75L,28,447.72,15.99,2024-08-12,1750.0,1,51.45,12546,JIM BEAM BRANDS COMPANY    
33_HORNSEY_3837,33,3837,Skyy Vodka,50mL,27,26.73,0.99,2024-10-31,50.0,1,1.42,11567,CAMPARI AMERICA            
13_TARMSWORTH_12747,13,12747,Barefoot Cellars Pnt Nr,750mL,1,6.29,6.29,2024-07-22,750.0,2,0.11,3252,E & J GALLO WINERY         
79_BALLYMENA_8298,79,8298,Skinnygirl Grapefruit Marg,750mL,1,10.99,10.99,2024-12-22,750.0,1,0.79,12546,JIM BEAM BRANDS COMPANY    
12_LEESIDE_13430,12,13430,Agua de Piedra Malbec Selccn,750mL,1,10.99,10.99,2024-09-23,750.0,2,0.11,7153,PINE STATE TRADING CO      
17_OLDHAM_5891,17,5891,Ryans Irish Cream,1.75L,1,15.99,15.99,2024-11-18,1750.0,1,1.84,8004,SAZERAC CO INC             
6_GOULCREST_2030,6,2030,Glen Moray 12 Yr Scotch,750mL,1,30.99,30.99,2024-09-03,750.0,1,0.79,7153,PINE STATE TRADING CO      
55_DRY GULCH_6570,55,6570,Kendall Jackson Chard Vt RSV,750mL,24,238.8,9.95,2024-01-02,750.0,2,2.7,10000,MAJESTIC FINE WINES        
76_DONCASTER_26285,76,26285,Moet & Chandon Imperial,1.5L,1,79.99,79.99,2024-07-08,1500.0,2,0.22,8112,MOET HENNESSY USA INC      
19_WINTERVALE_1003,19,1003,Crown Royal +2 Reusable Cups,750mL,1,22.99,22.99,2024-11-30,750.0,1,0.79,3960,DIAGEO NORTH AMERICA INC   
59_CLAETHORPES_8671,59,8671,Appleton Est VX Jamaican Rum,750mL,1,21.99,21.99,2024-02-26,750.0,1,0.79,11567,CAMPARI AMERICA            
4_EANVERNESS_5714,4,5714,Jose Cuervo Lime Margarita,200mL 4 Pk,1,9.99,9.99,2024-10-14,200.0,1,0.21,7245,PROXIMO SPIRITS INC.       
66_EANVERNESS_18232,66,18232,Shatter Grenache VdP Catalan,750mL,2,39.98,19.99,2024-04-10,750.0,2,0.22,8892,TRINCHERO FAMILY ESTATES   
34_PITMERDEN_1868,34,1868,Lagavulin Single Malt 16-Yr,750mL,2,139.98,69.99,2024-07-23,750.0,1,1.57,3960,DIAGEO NORTH AMERICA INC   
74_PAENTMARWY_8172,74,8172,DK Burst Blustery Peppermint,50mL,4,3.96,0.99,2024-11-02,50.0,1,0.21,12546,JIM BEAM BRANDS COMPANY    
27_MOUNTMEND_12213,27,12213,Evodia Garnacha Old Vine,750mL,2,15.98,7.99,2024-02-17,750.0,2,0.22,9552,M S WALKER INC             
68_SOLARIS_25269,68,25269,R Mondavi Cab Svgn Pvt Sel,750mL,3,20.94,6.98,2024-10-11,750.0,2,0.34,1392,CONSTELLATION BRANDS INC   
51_ABERDEEN_8921,51,8921,Sterling Cab Svgn,750mL,1,18.99,18.99,2024-07-09,750.0,2,0.11,1590,DIAGEO CHATEAU ESTATE WINES
25_CAERSHIRE_16891,25,16891,The Seeker Svgn Bl,750mL,1,11.99,11.99,2024-02-09,750.0,2,0.11,4692,KOBRAND CORPORATION        
16_LUNDY_3859,16,3859,Smirnoff 80 Proof,375mL,1,8.99,8.99,2024-11-13,375.0,1,0.39,3960,DIAGEO NORTH AMERICA INC   
18_FURNESS_2212,18,2212,Canadian Rich & Rare,1.75L,1,10.99,10.99,2024-10-12,1750.0,1,1.84,8004,SAZERAC CO INC             
71_CLARCTON_4246,71,4246,Bacardi Superior Rum,375mL,2,10.98,5.49,2024-12-24,375.0,1,0.79,480,BACARDI USA INC            
4_EANVERNESS_15922,4,15922,Primo Amore Moscato,750mL,3,29.97,9.99,2024-12-24,750.0,2,0.34,4425,MARTIGNETTI COMPANIES
65_LUTON_32648,65,32648,Beringer Classic Wh Znfdl,1.5L,1,7.99,7.99,2024-12-23,1500.0,2,0.22,9819,TREASURY WINE ESTATES      
15_WANBORNE_2549,15,2549,WhistlePig 10Yr Rye,375mL,1,44.99,44.99,2024-01-16,375.0,1,0.39,10754,PERFECTA WINES             
34_PITMERDEN_3235,34,3235,Absolut Berri Acai,750mL,1,17.99,17.99,2024-04-27,750.0,1,0.79,17035,PERNOD RICARD USA          
59_CLAETHORPES_24686,59,24686,Barco Negro Douro,750mL,3,23.97,7.99,2024-02-04,750.0,2,0.34,9165,ULTRA BEVERAGE COMPANY LLP 
56_BEGGAR'S HOLE_3608,56,3608,Smirnoff Orange Vodka,50mL,2,1.98,0.99,2024-05-19,50.0,1,0.1,3960,DIAGEO NORTH AMERICA INC   
64_CESTERFIELD_4804,64,4804,Rhum Barbancourt RSV Special,750mL,1,16.99,16.99,2024-05-18,750.0,1,0.79,6213,MHW LTD                    
50_MOUNTMEND_2645,50,2645,Chivas Regal,750mL,1,31.99,31.99,2024-07-16,750.0,1,0.79,17035,PERNOD RICARD USA          
73_DONCASTER_8131,73,8131,Lillet White French Aperiti,750mL,2,35.98,17.99,2024-07-28,750.0,2,0.22,17035,PERNOD RICARD USA          
50_MOUNTMEND_8184,50,8184,Kahlua,50mL,4,7.96,1.99,2024-05-19,50.0,1,0.21,17035,PERNOD RICARD USA          
66_EANVERNESS_27065,66,27065,David Bruce Pnt Nr Sonoma,750mL,1,34.99,34.99,2024-08-13,750.0,2,0.11,4425,MARTIGNETTI COMPANIES
60_IRRAGIN_8066,60,8066,DeKuyper Triple Sec,1.75L,1,8.99,8.99,2024-11-10,1750.0,1,1.84,12546,JIM BEAM BRANDS COMPANY    
19_WINTERVALE_2834,19,2834,Old Smuggler P E T,1.75L,1,16.99,16.99,2024-08-25,1750.0,1,1.84,8320,SHAW ROSS INT L IMP LTD    
45_VERITAS_1883,45,1883,Seagrams 7 Crown,1.75L,4,71.96,17.99,2024-04-09,1750.0,1,7.35,3960,DIAGEO NORTH AMERICA INC   
38_GOULCREST_33873,38,33873,Bella Sera Pnt Grigio Del,750mL,1,6.49,6.49,2024-02-04,750.0,2,0.11,3252,E & J GALLO WINERY         
50_MOUNTMEND_5356,50,5356,Kahlua,375mL,1,9.99,9.99,2024-04-29,375.0,1,0.39,17035,PERNOD RICARD USA          
76_DONCASTER_2644,76,2644,Chivas Regal 18-Yr Scotch,750mL,1,69.99,69.99,2024-08-04,750.0,1,0.79,17035,PERNOD RICARD USA          
68_SOLARIS_43808,68,43808,R M Woodbridge Pnt Nr Cal,750mL,3,14.85,4.95,2024-09-10,750.0,2,0.34,1392,CONSTELLATION BRANDS INC   
64_CESTERFIELD_3246,64,3246,Bentley's Vodka,1.75L,4,35.16,8.79,2024-12-10,1750.0,1,7.35,8004,SAZERAC CO INC             
6_GOULCREST_26285,6,26285,Moet & Chandon Imperial,1.5L,1,79.99,79.99,2024-10-08,1500.0,2,0.22,8112,MOET HENNESSY USA INC      
66_EANVERNESS_8553,66,8553,Dekuyper Blue Curacao,750mL,1,6.99,6.99,2024-09-01,750.0,1,0.79,12546,JIM BEAM BRANDS COMPANY    
69_MOUNTMEND_14631,69,14631,Dom Serene Yamhill Cv Pnt Nr,750mL,1,36.99,36.99,2024-02-04,750.0,2,0.11,9165,ULTRA BEVERAGE COMPANY LLP 
22_SHARNWICK_1520,22,1520,Pinnacle Vodka Cane 4/50mls,50mL 4 Pk,1,3.99,3.99,2024-10-29,50.0,1,0.05,12546,JIM BEAM BRANDS COMPANY    
3_HORNSEY_8726,3,8726,Baileys Irish Cream,50mL,4,7.96,1.99,2024-10-08,50.0,1,0.21,3960,DIAGEO NORTH AMERICA INC   
42_BLACK HOLLOW_2753,42,2753,Johnnie Walker Black Label,1.75L,1,59.99,59.99,2024-06-16,1750.0,1,1.84,3960,DIAGEO NORTH AMERICA INC   
50_MOUNTMEND_3443,50,3443,Stolichnaya,375mL,1,8.99,8.99,2024-12-28,375.0,1,0.39,8664,"STOLI GROUP,(USA) LLC      "
48_NORFOLK_35471,48,35471,R M Woodbridge Pnt Grigio,750mL,6,29.7,4.95,2024-09-09,750.0,2,0.68,1392,CONSTELLATION BRANDS INC   
62_KILMARNOCK_1355,62,1355,Knob Creek Bourbon,50mL,4,15.96,3.99,2024-05-21,50.0,1,0.21,12546,JIM BEAM BRANDS COMPANY    
74_PAENTMARWY_43223,74,43223,Ch Beauchene Cotes du Rhone,750mL,2,17.98,8.99,2024-02-06,750.0,2,0.22,10754,PERFECTA WINES             
4_EANVERNESS_35664,4,35664,Redwood Creek Cab Svgn Cal,1.5L,1,9.99,9.99,2024-02-23,1500.0,2,0.22,3252,E & J GALLO WINERY         
55_DRY GULCH_8485,55,8485,Gozio Amaretto,750mL,1,22.99,22.99,2024-09-16,750.0,1,0.79,1485,CASTLE BRANDS CORP.        
47_PELLA'S WISH_44228,47,44228,Clean Slate Rsl Mosel,750mL,4,55.96,13.99,2024-03-04,750.0,2,0.45,7153,PINE STATE TRADING CO      
7_STANMORE_12203,7,12203,Cavit Prosecco Lunetta,187mL 3 Pk,8,79.92,9.99,2024-08-26,187.0,2,0.22,6785,PALM BAY INTERNATIONAL INC 
34_PITMERDEN_19870,34,19870,Yellow Tail Sangria,1.5L,9,80.55,8.95,2024-03-28,1500.0,2,2.02,4425,MARTIGNETTI COMPANIES
23_ARBINGTON_19074,23,19074,Roaring Meg Pnt Nr,750mL,2,41.98,20.99,2024-03-25,750.0,2,0.22,90024,VINILANDIA USA             
60_IRRAGIN_3349,60,3349,Russian Standard Vodka,50mL,1,0.99,0.99,2024-02-23,50.0,1,0.05,10050,Russian Standard Vodka     
72_HARDERSFIELD_3781,72,3781,Three Olives Vanilla Vodka,750mL,1,12.99,12.99,2024-01-17,750.0,1,0.79,7245,PROXIMO SPIRITS INC.       
60_IRRAGIN_15548,60,15548,Seaglass Chard,750mL,2,17.98,8.99,2024-11-23,750.0,2,0.22,8892,TRINCHERO FAMILY ESTATES   
38_GOULCREST_6918,38,6918,Franzia Tap Cab Svgn,5L,1,15.99,15.99,2024-11-28,5000.0,2,0.75,9815,WINE GROUP INC             
25_CAERSHIRE_4246,25,4246,Bacardi Superior Rum,375mL,2,10.98,5.49,2024-12-15,375.0,1,0.79,480,BACARDI USA INC            
15_WANBORNE_5337,15,5337,Drambuie,750mL,1,26.99,26.99,2024-11-07,750.0,1,0.79,3664,WILLIAM GRANT & SONS INC   
62_KILMARNOCK_27735,62,27735,Bogle Cab Svgn Cal,750mL,2,21.98,10.99,2024-06-18,750.0,2,0.22,4425,MARTIGNETTI COMPANIES
10_HORNSEY_2435,10,2435,Crown Royal RSV,750mL,1,38.99,38.99,2024-08-06,750.0,1,0.79,3960,DIAGEO NORTH AMERICA INC   
49_GARIGILL_1269,49,1269,Jeffersons Bourbon,750mL,1,26.99,26.99,2024-03-13,750.0,1,0.79,1485,CASTLE BRANDS CORP.        
12_LEESIDE_2665,12,2665,Dewars White Label,750mL,3,59.97,19.99,2024-04-02,750.0,1,2.36,480,BACARDI USA INC            
11_CARDEND_38502,11,38502,Ruffino Lumina Pnt Grigio,750mL,4,31.96,7.99,2024-05-25,750.0,2,0.45,1392,CONSTELLATION BRANDS INC   
16_LUNDY_2143,16,2143,Canadian Mist,1.75L,1,12.99,12.99,2024-07-28,1750.0,1,1.84,1128,BROWN-FORMAN CORP          
66_EANVERNESS_42099,66,42099,Bota Box Pnt Grigio Cal,3L,4,71.96,17.99,2024-05-14,3000.0,2,1.8,2242,DELICATO VINEYARDS INC     
73_DONCASTER_24621,73,24621,Cline Chard Sonoma Cst,750mL,1,11.99,11.99,2024-06-06,750.0,2,0.11,4425,MARTIGNETTI COMPANIES
72_HARDERSFIELD_44334,72,44334,Noble Vines 337 Cab Svgn,750mL,2,29.98,14.99,2024-09-30,750.0,2,0.22,2242,DELICATO VINEYARDS INC     
74_PAENTMARWY_4662,74,4662,Capt Morgan White PET,1.75L,1,19.99,19.99,2024-07-24,1750.0,1,1.84,3960,DIAGEO NORTH AMERICA INC   
58_HARTLEPOOL_6937,58,6937,Cavit Pinot Grigio,1.5L,6,59.94,9.99,2024-08-07,1500.0,2,1.35,6785,PALM BAY INTERNATIONAL INC 
50_MOUNTMEND_11440,50,11440,Peter Vella Sangria B/B,5L,1,14.99,14.99,2024-07-14,5000.0,2,0.75,3252,E & J GALLO WINERY         
78_EASTHAVEN_5828,78,5828,Ryans Irish Cream,750mL,1,8.99,8.99,2024-06-08,750.0,1,0.79,8004,SAZERAC CO INC             
32_MOUNTMEND_40337,32,40337,Da Vinci Chianti Tuscany,750mL,1,9.99,9.99,2024-07-09,750.0,2,0.11,3252,E & J GALLO WINERY         
14_BROMWICH_5042,14,5042,Tequila Rose Liqueur,750mL,1,14.99,14.99,2024-02-08,750.0,1,0.79,5992,MCCORMICK DISTILLING CO    
74_PAENTMARWY_18642,74,18642,Yellow Tail Pink Moscato,1.5L,1,8.95,8.95,2024-08-27,1500.0,2,0.22,4425,MARTIGNETTI COMPANIES
34_PITMERDEN_3679,34,3679,Chopin Vodka,750mL,3,65.97,21.99,2024-02-14,750.0,1,2.36,6213,MHW LTD                    
11_CARDEND_8515,11,8515,Baileys Chocolate Cherry,750mL,1,21.99,21.99,2024-06-16,750.0,1,0.79,3960,DIAGEO NORTH AMERICA INC   
42_BLACK HOLLOW_7341,42,7341,Smirnoff Watermelon,50mL,5,4.95,0.99,2024-10-19,50.0,1,0.26,3960,DIAGEO NORTH AMERICA INC   
37_PAETHSMOUTH_2665,37,2665,Dewars White Label,750mL,1,19.99,19.99,2024-12-07,750.0,1,0.79,480,BACARDI USA INC            
28_LARNWICK_31465,28,31465,Franzia Tap Chard,5L,1,15.99,15.99,2024-01-07,5000.0,2,0.75,9815,WINE GROUP INC             
44_PORTHCRAWL_3584,44,3584,Absolut Raspberri,750mL,1,16.99,16.99,2024-08-25,750.0,1,0.79,17035,PERNOD RICARD USA          
30_CULCHETH_7077,30,7077,Smirnoff Strawberry Vodka,50mL,8,7.92,0.99,2024-07-12,50.0,1,0.42,3960,DIAGEO NORTH AMERICA INC   
65_LUTON_7221,65,7221,M & R Sweet Vermouth,1.5L,1,10.49,10.49,2024-11-21,1500.0,2,0.22,480,BACARDI USA INC            
38_GOULCREST_27259,38,27259,Cooper & Thief Cellarmasters,750mL,2,49.98,24.99,2024-11-05,750.0,2,0.22,1392,CONSTELLATION BRANDS INC   
54_GUTHRAM_8448,54,8448,Cruzan Aged Dark Rum,750mL,2,19.98,9.99,2024-05-28,750.0,1,1.57,12546,JIM BEAM BRANDS COMPANY    
1_HARDERSFIELD_6694,1,6694,Lindemans Bin 65 Chard,750mL,1,7.99,7.99,2024-09-02,750.0,2,0.11,4425,MARTIGNETTI COMPANIES
11_CARDEND_39384,11,39384,F Coppola Diamond Pnt Nr,750mL,4,51.8,12.95,2024-02-10,750.0,2,0.45,2000,SOUTHERN WINE & SPIRITS NE 
63_SWORDBREAK_4882,63,4882,Arrow Coffee Brandy,750mL,3,19.47,6.49,2024-05-20,750.0,1,2.36,8352,LUXCO INC                  
21_BALERNO_4359,21,4359,Mr Boston Light Rum,1.75L,2,19.98,9.99,2024-06-01,1750.0,1,3.67,660,SAZERAC NORTH AMERICA INC. 
51_ABERDEEN_15105,51,15105,Kendall Jackson Avant Chard,750mL,1,9.99,9.99,2024-12-03,750.0,2,0.11,10000,MAJESTIC FINE WINES        
20_BREDWARDINE_3243,20,3243,Burnetts Vodka,1.75L,2,21.98,10.99,2024-09-03,1750.0,1,3.67,3924,HEAVEN HILL DISTILLERIES   
62_KILMARNOCK_5765,62,5765,Jose Cuervo Lime Margarita,1.75L,1,13.99,13.99,2024-03-24,1750.0,1,1.84,7245,PROXIMO SPIRITS INC.       
64_CESTERFIELD_26450,64,26450,Pere Anselme CDR Rose,750mL,5,59.95,11.99,2024-07-03,750.0,2,0.56,9165,ULTRA BEVERAGE COMPANY LLP 
11_CARDEND_13498,11,13498,Riva Rey Tempranillo,750mL,2,15.98,7.99,2024-03-18,750.0,2,0.22,1587,VINEYARD BRANDS INC        
34_PITMERDEN_4247,34,4247,Bacardi Limon Rum,750mL,3,29.97,9.99,2024-06-03,750.0,1,2.36,480,BACARDI USA INC            
19_WINTERVALE_4075,19,4075,Bacardi Pineapple Fusion,1.75L,1,23.99,23.99,2024-02-18,1750.0,1,1.84,480,BACARDI USA INC            
10_HORNSEY_2547,10,2547,WhistlePig 10Yr Straight Rye,50mL,2,13.98,6.99,2024-08-06,50.0,1,0.1,10754,PERFECTA WINES             
38_GOULCREST_18972,38,18972,Schug Pnt Nr Carneros,375mL,2,21.98,10.99,2024-01-17,375.0,2,0.11,4425,MARTIGNETTI COMPANIES
12_LEESIDE_3522,12,3522,Platinum 7X Distilled Vodka,1.75L,4,51.96,12.99,2024-04-04,1750.0,1,7.35,8004,SAZERAC CO INC             
55_DRY GULCH_8673,55,8673,Skinnygirl Margarita,750mL,2,21.98,10.99,2024-01-22,750.0,1,1.57,12546,JIM BEAM BRANDS COMPANY    
52_GRAYCOTT_2954,52,2954,Highland Park 12 Yr Single,750mL,1,49.99,49.99,2024-03-08,750.0,1,0.79,2561,EDRINGTON AMERICAS         
67_EANVERNESS_1231,67,1231,Jack Daniels No 7 Black,375mL,2,25.98,12.99,2024-09-21,375.0,1,0.79,1128,BROWN-FORMAN CORP          
76_DONCASTER_21685,76,21685,Cameron Hughes Cam Col Cab S,750mL,1,13.99,13.99,2024-04-20,750.0,2,0.11,653,STATE WINE & SPIRITS   
38_GOULCREST_5315,38,5315,B & B Liqueur Dom,750mL,4,99.96,24.99,2024-03-12,750.0,1,3.15,480,BACARDI USA INC            
50_MOUNTMEND_16782,50,16782,Penner-Ash Willamette Pnt Nr,750mL,2,73.98,36.99,2024-12-09,750.0,2,0.22,9165,ULTRA BEVERAGE COMPANY LLP 
76_DONCASTER_46600,76,46600,Primaterra Pnt Grigio,750mL,1,9.99,9.99,2024-05-25,750.0,2,0.11,10754,PERFECTA WINES             
66_EANVERNESS_4223,66,4223,Bacardi Gold Rum,1.75L,2,39.98,19.99,2024-12-31,1750.0,1,3.67,480,BACARDI USA INC            
54_GUTHRAM_7996,54,7996,Stock Italian Sweet Vermouth,750mL,1,5.49,5.49,2024-06-30,750.0,2,0.11,8352,LUXCO INC                  
69_MOUNTMEND_11227,69,11227,Girard Svgn Bl Napa Vly,750mL,1,15.99,15.99,2024-02-20,750.0,2,0.11,4425,MARTIGNETTI COMPANIES
81_PEMBROKE_5365,81,5365,Kahlua,750mL,7,132.93,18.99,2024-12-21,750.0,1,5.51,17035,PERNOD RICARD USA          
13_TARMSWORTH_27835,13,27835,Wild Horse CC Pnt Nr,750mL,1,16.99,16.99,2024-01-21,750.0,2,0.11,1392,CONSTELLATION BRANDS INC   
73_DONCASTER_35412,73,35412,Yellow Tail Chard Ausl,1.5L,1,14.99,14.99,2024-04-14,1500.0,2,0.22,4425,MARTIGNETTI COMPANIES
38_GOULCREST_4881,38,4881,Bacardi Twin Pack 2/750mls,750mL 2 Pk,2,39.98,19.99,2024-01-25,750.0,1,1.57,480,BACARDI USA INC            
76_DONCASTER_28580,76,28580,Silverado Chard,750mL,1,25.99,25.99,2024-09-17,750.0,2,0.11,4425,MARTIGNETTI COMPANIES
75_BARNCOMBE_17176,75,17176,Beringer Classic Chard,1.5L,1,9.99,9.99,2024-04-05,1500.0,2,0.22,9819,TREASURY WINE ESTATES      
33_HORNSEY_8678,33,8678,Banfi Chianti Clsc RSV,750mL,1,16.99,16.99,2024-12-28,750.0,2,0.11,516,BANFI PRODUCTS CORP        
11_CARDEND_6319,11,6319,Santa Cristina Toscana,750mL,1,10.99,10.99,2024-07-20,750.0,2,0.11,8673,STE MICHELLE WINE ESTATES  
33_HORNSEY_13708,33,13708,Bota Box Cab Svgn,3L,2,35.98,17.99,2024-06-20,3000.0,2,0.9,2242,DELICATO VINEYARDS INC     
28_LARNWICK_6933,28,6933,Ch Ste Michelle Svgn Bl,750mL,2,15.9,7.95,2024-08-16,750.0,2,0.22,8673,STE MICHELLE WINE ESTATES  
6_GOULCREST_2465,6,2465,Crown Royal Mini,50mL,2,5.98,2.99,2024-01-09,50.0,1,0.1,3960,DIAGEO NORTH AMERICA INC   
75_BARNCOMBE_1692,75,1692,Everclear 151,750mL,1,19.99,19.99,2024-03-19,750.0,1,0.79,8352,LUXCO INC                  
73_DONCASTER_21259,73,21259,Paul Hobbs Crossbarn Rose PN,750mL,3,56.97,18.99,2024-03-29,750.0,2,0.34,4425,MARTIGNETTI COMPANIES
60_IRRAGIN_3276,60,3276,Gordons London Dry,1.75L,5,74.95,14.99,2024-02-26,1750.0,1,9.19,3960,DIAGEO NORTH AMERICA INC   
65_LUTON_3423,65,3423,Beefeater,1.75L,1,26.99,26.99,2024-02-15,1750.0,1,1.84,17035,PERNOD RICARD USA          
75_BARNCOMBE_4626,75,4626,Meukow VS Cognac,750mL,1,24.49,24.49,2024-02-04,750.0,1,0.79,660,SAZERAC NORTH AMERICA INC. 
62_KILMARNOCK_2164,62,2164,New Amsterdam Gin,1.75L,1,18.99,18.99,2024-07-01,1750.0,1,1.84,3252,E & J GALLO WINERY         
73_DONCASTER_2756,73,2756,Jameson Caskmates,750mL,1,29.99,29.99,2024-04-14,750.0,1,0.79,17035,PERNOD RICARD USA          
63_SWORDBREAK_35393,63,35393,Tohu Svgn Bl Marlboro,750mL,1,12.99,12.99,2024-07-23,750.0,2,0.11,9552,M S WALKER INC             
66_EANVERNESS_27644,66,27644,Cline Znfdl Cal,750mL,1,9.99,9.99,2024-07-09,750.0,2,0.11,4425,MARTIGNETTI COMPANIES
30_CULCHETH_5735,30,5735,Malibu Rum,750mL,1,12.99,12.99,2024-11-25,750.0,1,0.79,17035,PERNOD RICARD USA          
76_DONCASTER_5165,76,5165,Hpnotiq Liqueur,750mL,1,17.99,17.99,2024-01-16,750.0,1,0.79,3924,HEAVEN HILL DISTILLERIES   
67_EANVERNESS_3963,67,3963,Menage A Trois Vodka,750mL,5,54.95,10.99,2024-07-17,750.0,1,3.94,8892,TRINCHERO FAMILY ESTATES   
22_SHARNWICK_10443,22,10443,Charles Smith Kung Fu Girl R,750mL,2,23.98,11.99,2024-12-30,750.0,2,0.22,10754,PERFECTA WINES             
54_GUTHRAM_37822,54,37822,Frescobaldi Chianti RSV Nip,750mL,4,67.96,16.99,2024-08-07,750.0,2,0.45,9165,ULTRA BEVERAGE COMPANY LLP 
75_BARNCOMBE_22143,75,22143,Simi Cab Svgn,750mL,3,41.37,13.79,2024-12-21,750.0,2,0.34,1392,CONSTELLATION BRANDS INC   
41_LARNWICK_37312,41,37312,Salmon Run NY Pnt Nr,750mL,1,14.99,14.99,2024-03-31,750.0,2,0.11,10754,PERFECTA WINES             
6_GOULCREST_14433,6,14433,F Coppola Rosso Bianco Chard,750mL,1,8.99,8.99,2024-03-11,750.0,2,0.11,2000,SOUTHERN WINE & SPIRITS NE 
74_PAENTMARWY_27144,74,27144,Bouchaine Pnt Nr Carneros,750mL,2,35.98,17.99,2024-12-19,750.0,2,0.22,4425,MARTIGNETTI COMPANIES
34_PITMERDEN_9037,34,9037,Prairie Organic Cucumber Vod,750mL,1,15.99,15.99,2024-01-31,750.0,1,0.79,9206,PHILLIPS PRODUCTS CO.      
50_MOUNTMEND_8118,50,8118,Mr Boston Blackberry Brandy,750mL,1,5.99,5.99,2024-03-23,750.0,1,0.79,660,SAZERAC NORTH AMERICA INC. 
54_GUTHRAM_32969,54,32969,Alice White Shiraz Ausl,1.5L,1,13.99,13.99,2024-12-10,1500.0,2,0.22,1392,CONSTELLATION BRANDS INC   
8_ALNERWICK_14805,8,14805,Ninety+Cellars Lot 23 Malbec,750mL,1,8.99,8.99,2024-06-01,750.0,2,0.11,4950,LATITUDE BEVERAGE COMPANY  
74_PAENTMARWY_38771,74,38771,Rob Stuart Big Fire Pnt Gris,750mL,2,29.98,14.99,2024-08-12,750.0,2,0.22,653,STATE WINE & SPIRITS   
69_MOUNTMEND_31277,69,31277,Landmark Overlook Chard,750mL,1,15.99,15.99,2024-11-22,750.0,2,0.11,9552,M S WALKER INC             
56_BEGGAR'S HOLE_8040,56,8040,Bols Blue Curacao,750mL,1,8.99,8.99,2024-09-10,750.0,1,0.79,6213,MHW LTD                    
38_GOULCREST_20968,38,20968,Ninety+Cellars Lot 113 B Red,750mL,2,21.98,10.99,2024-07-25,750.0,2,0.22,4950,LATITUDE BEVERAGE COMPANY  
27_MOUNTMEND_5111,27,5111,Dr McGillicuddy's Mentholmnt,50mL,20,19.8,0.99,2024-02-24,50.0,1,1.05,8004,SAZERAC CO INC             
64_CESTERFIELD_4187,64,4187,Kraken Black Spiced Rum,750mL,1,18.99,18.99,2024-10-06,750.0,1,0.79,7245,PROXIMO SPIRITS INC.       
55_DRY GULCH_4262,55,4262,Capt Morgan Spiced Rum,750mL,1,16.99,16.99,2024-04-29,750.0,1,0.79,3960,DIAGEO NORTH AMERICA INC   
69_MOUNTMEND_8652,69,8652,Grande Absente Absinthe,750mL,1,56.99,56.99,2024-10-26,750.0,1,0.79,6213,MHW LTD                    
6_GOULCREST_1345,6,1345,Basil Hayden Bourbon,750mL,3,113.97,37.99,2024-12-03,750.0,1,2.36,12546,JIM BEAM BRANDS COMPANY    
8_ALNERWICK_4268,8,4268,Capt Morgan Private Stock,750mL,2,45.98,22.99,2024-12-23,750.0,1,1.57,3960,DIAGEO NORTH AMERICA INC   
40_BULLMAR_3405,40,3405,Tito's Handmade Vodka,1.75L,1,29.99,29.99,2024-09-25,1750.0,1,1.84,4425,MARTIGNETTI COMPANIES
15_WANBORNE_5076,15,5076,M Duffau Napoleon Armagnac,750mL,1,35.99,35.99,2024-10-20,750.0,1,0.79,10754,PERFECTA WINES             
73_DONCASTER_8033,73,8033,Jack Daniels No 7 Black,50mL,4,11.96,2.99,2024-09-02,50.0,1,0.21,1128,BROWN-FORMAN CORP          
55_DRY GULCH_5694,55,5694,Ice Box Mudslide,1.75L,1,9.99,9.99,2024-08-09,1750.0,1,1.84,8004,SAZERAC CO INC             
38_GOULCREST_17432,38,17432,Predator Old Vine Znfdl Lodi,750mL,2,29.98,14.99,2024-07-02,750.0,2,0.22,4425,MARTIGNETTI COMPANIES
34_PITMERDEN_37786,34,37786,Lindemans Bin 45 Cab Svgn,1.5L,1,8.99,8.99,2024-02-18,1500.0,2,0.22,4425,MARTIGNETTI COMPANIES
49_GARIGILL_3607,49,3607,Smirnoff Citrus Vodka,50mL,8,7.92,0.99,2024-02-19,50.0,1,0.42,3960,DIAGEO NORTH AMERICA INC   
68_SOLARIS_23270,68,23270,Campo Viejo Gr Cava Brut Rsv,750mL,1,9.99,9.99,2024-10-08,750.0,2,0.11,17035,PERNOD RICARD USA          
66_EANVERNESS_11437,66,11437,Schug Svgn Bl Sonoma Vly,750mL,1,15.99,15.99,2024-11-23,750.0,2,0.11,4425,MARTIGNETTI COMPANIES
23_ARBINGTON_4385,23,4385,Parrot Bay 90 Coconut Capt,1.75L,1,24.99,24.99,2024-09-15,1750.0,1,1.84,3960,DIAGEO NORTH AMERICA INC   
37_PAETHSMOUTH_3859,37,3859,Smirnoff 80 Proof,375mL,1,8.99,8.99,2024-07-06,375.0,1,0.39,3960,DIAGEO NORTH AMERICA INC   
23_ARBINGTON_3243,23,3243,Burnetts Vodka,1.75L,11,115.39,10.49,2024-06-28,1750.0,1,20.21,3924,HEAVEN HILL DISTILLERIES   
62_KILMARNOCK_2615,62,2615,Chivas Regal,50mL,1,3.49,3.49,2024-09-15,50.0,1,0.05,17035,PERNOD RICARD USA          
34_PITMERDEN_3532,34,3532,Milagro Reposado Tequila,750mL,1,25.99,25.99,2024-06-10,750.0,1,0.79,3664,WILLIAM GRANT & SONS INC   
69_MOUNTMEND_8358,69,8358,Bacardi 151 Proof,750mL,4,79.96,19.99,2024-06-19,750.0,1,3.15,480,BACARDI USA INC            
33_HORNSEY_1542,33,1542,Bowen's American Whiskey,750mL,2,49.98,24.99,2024-03-15,750.0,1,1.57,9751,VINEDREA WINES LLC         
41_LARNWICK_7159,41,7159,Ruffino Chianti,750mL,1,7.99,7.99,2024-05-16,750.0,2,0.11,1392,CONSTELLATION BRANDS INC   
68_SOLARIS_8472,68,8472,1800 Silver Tequila,750mL,1,20.99,20.99,2024-05-23,750.0,1,0.79,7245,PROXIMO SPIRITS INC.       
10_HORNSEY_37604,10,37604,Hardys Chard Ausl,3L,1,13.99,13.99,2024-01-17,3000.0,2,0.45,2000,SOUTHERN WINE & SPIRITS NE 
5_SUTTON_31488,5,31488,Barefoot Chard Cal,750mL,1,6.29,6.29,2024-01-30,750.0,2,0.11,3252,E & J GALLO WINERY         
11_CARDEND_11828,11,11828,Cupcake Svgn Bl,750mL,4,31.96,7.99,2024-03-08,750.0,2,0.45,9815,WINE GROUP INC             
74_PAENTMARWY_8520,74,8520,Brady's Irish Cream,1.75L,1,16.99,16.99,2024-05-19,1750.0,1,1.84,1485,CASTLE BRANDS CORP.        
6_GOULCREST_2443,6,2443,Seagrams VO,1.75L,2,35.98,17.99,2024-03-30,1750.0,1,3.67,3960,DIAGEO NORTH AMERICA INC   
23_ARBINGTON_3512,23,3512,Pinnacle Vodka,1.75L,6,95.94,15.99,2024-06-12,1750.0,1,11.02,12546,JIM BEAM BRANDS COMPANY    
55_DRY GULCH_3421,55,3421,Stolichnaya Blueberi,50mL,2,3.98,1.99,2024-11-12,50.0,1,0.1,8664,"STOLI GROUP,(USA) LLC      "
50_MOUNTMEND_1358,50,1358,Knob Creek Bourbon,1.75L,1,59.99,59.99,2024-12-20,1750.0,1,1.84,12546,JIM BEAM BRANDS COMPANY    
59_CLAETHORPES_27596,59,27596,MezzaCorona Pnt Grigio,750mL,2,17.78,8.89,2024-05-25,750.0,2,0.22,9165,ULTRA BEVERAGE COMPANY LLP 
44_PORTHCRAWL_16806,44,16806,Apothic Winemakers White,750mL,1,7.46,7.46,2024-05-06,750.0,2,0.11,3252,E & J GALLO WINERY         
56_BEGGAR'S HOLE_47009,56,47009,Torino Don David RSV Malbec,750mL,4,63.96,15.99,2024-01-08,750.0,2,0.45,9744,FREDERICK WILDMAN & SONS   
11_CARDEND_2668,11,2668,Dewars White Label,375mL,1,13.99,13.99,2024-02-14,375.0,1,0.39,480,BACARDI USA INC            
50_MOUNTMEND_41034,50,41034,Menage a Trois Red,750mL,7,69.93,9.99,2024-02-04,750.0,2,0.79,8892,TRINCHERO FAMILY ESTATES   
38_GOULCREST_3877,38,3877,Smirnoff Green Apple Vodka,750mL,1,10.99,10.99,2024-01-20,750.0,1,0.79,3960,DIAGEO NORTH AMERICA INC   
57_LANTEGLOS_38502,57,38502,Ruffino Lumina Pnt Grigio,750mL,1,7.99,7.99,2024-05-21,750.0,2,0.11,1392,CONSTELLATION BRANDS INC   
59_CLAETHORPES_3397,59,3397,Ciroc Red Berry Vodka,750mL,1,28.99,28.99,2024-03-18,750.0,1,0.79,3960,DIAGEO NORTH AMERICA INC   
74_PAENTMARWY_3625,74,3625,Absolut 80 Proof,750mL,1,17.99,17.99,2024-02-12,750.0,1,0.79,17035,PERNOD RICARD USA          
52_GRAYCOTT_8469,52,8469,1800 Reposado Gold Tequila,750mL,1,22.99,22.99,2024-05-14,750.0,1,0.79,7245,PROXIMO SPIRITS INC.       
8_ALNERWICK_5353,8,5353,Grand Marnier,375mL,1,18.99,18.99,2024-11-19,375.0,1,0.39,8112,MOET HENNESSY USA INC      
74_PAENTMARWY_3704,74,3704,Ciroc Pineapple Vodka,750mL,2,49.98,24.99,2024-01-01,750.0,1,1.57,3960,DIAGEO NORTH AMERICA INC   
10_HORNSEY_8673,10,8673,Skinnygirl Margarita,750mL,1,10.99,10.99,2024-02-07,750.0,1,0.79,12546,JIM BEAM BRANDS COMPANY    
35_HALIVAARA_3703,35,3703,OuterSpace Vodka,50mL,1,5.99,5.99,2024-01-06,50.0,1,0.05,10754,PERFECTA WINES             
1_HARDERSFIELD_4066,1,4066,Bacardi Oakheart Spiced Rum,1.75L,1,19.99,19.99,2024-07-08,1750.0,1,1.84,480,BACARDI USA INC            
47_PELLA'S WISH_38370,47,38370,Oyster Bay Svgn Bl Marlboro,750mL,1,8.95,8.95,2024-08-03,750.0,2,0.11,4425,MARTIGNETTI COMPANIES
67_EANVERNESS_40545,67,40545,Whitehaven Svgn Bl Marlboro,750mL,1,14.99,14.99,2024-04-20,750.0,2,0.11,3252,E & J GALLO WINERY         
55_DRY GULCH_6459,55,6459,Freixenet Cordon Negro Extr,750mL,1,10.99,10.99,2024-12-11,750.0,2,0.11,4425,MARTIGNETTI COMPANIES
49_GARIGILL_3420,49,3420,New Amsterdam Coconut Vodka,750mL,1,10.99,10.99,2024-07-29,750.0,1,0.79,3252,E & J GALLO WINERY         
40_BULLMAR_3243,40,3243,Burnetts Vodka,1.75L,1,12.49,12.49,2024-04-01,1750.0,1,1.84,3924,HEAVEN HILL DISTILLERIES   
53_HILLFAR_28681,53,28681,F Coppola Rosso Bianco Rosso,750mL,3,32.97,10.99,2024-10-14,750.0,2,0.34,2000,SOUTHERN WINE & SPIRITS NE 
69_MOUNTMEND_2398,69,2398,Tullamore Dew,750mL,1,26.99,26.99,2024-04-13,750.0,1,0.79,3664,WILLIAM GRANT & SONS INC   
75_BARNCOMBE_4258,75,4258,Bacardi Mango Fusion,750mL,1,9.99,9.99,2024-11-22,750.0,1,0.79,480,BACARDI USA INC            
18_FURNESS_5138,18,5138,Fireball Cinnamon Whisky,750mL,1,13.99,13.99,2024-02-22,750.0,1,0.79,8004,SAZERAC CO INC             
11_CARDEND_5090,11,5090,El Charro Silver Tequila,750mL,2,29.98,14.99,2024-09-01,750.0,1,1.57,8004,SAZERAC CO INC             
78_EASTHAVEN_1231,78,1231,Jack Daniels No 7 Black,375mL,1,12.99,12.99,2024-04-10,375.0,1,0.39,1128,BROWN-FORMAN CORP          
7_STANMORE_6984,7,6984,Kendall Jackson Vntrs RSV Me,750mL,1,16.99,16.99,2024-07-07,750.0,2,0.11,10000,MAJESTIC FINE WINES        
66_EANVERNESS_4254,66,4254,Remy Martin 1738 Accord Royl,375mL,2,59.98,29.99,2024-06-10,375.0,1,0.79,7239,REMY COINTREAU USA INC     
33_HORNSEY_46734,33,46734,Gnarly Head Cab Svgn Cal,750mL,1,9.99,9.99,2024-01-03,750.0,2,0.11,2242,DELICATO VINEYARDS INC     
73_DONCASTER_482,73,482,Absolut 80 Proof,Liter,8,175.92,21.99,2024-07-02,1000.0,1,8.4,17035,PERNOD RICARD USA          
49_GARIGILL_3961,49,3961,Grey Goose La Poire Vodka,750mL,2,47.98,23.99,2024-09-04,750.0,1,1.57,480,BACARDI USA INC            
14_BROMWICH_5221,14,5221,RumChata Liqueur,375mL,1,12.99,12.99,2024-06-23,375.0,1,0.39,6213,MHW LTD                    
78_EASTHAVEN_4262,78,4262,Capt Morgan Spiced Rum,750mL,1,14.99,14.99,2024-05-02,750.0,1,0.79,3960,DIAGEO NORTH AMERICA INC   
20_BREDWARDINE_5111,20,5111,Dr McGillicuddy's Mentholmnt,50mL,12,11.88,0.99,2024-10-07,50.0,1,0.63,8004,SAZERAC CO INC             
73_DONCASTER_15424,73,15424,Santa Ema Cab Svgn Rsv,750mL,4,51.96,12.99,2024-03-23,750.0,2,0.45,4425,MARTIGNETTI COMPANIES
73_DONCASTER_26462,73,26462,Ravenswood Znfdl Sonoma,750mL,1,16.99,16.99,2024-12-10,750.0,2,0.11,1392,CONSTELLATION BRANDS INC   
64_CESTERFIELD_8361,64,8361,Carlo Rossi Chablis Calif,4L,1,14.99,14.99,2024-05-02,4000.0,2,0.6,3252,E & J GALLO WINERY         
56_BEGGAR'S HOLE_8021,56,8021,Glenfiddich Special Rsv 12,750mL,1,42.99,42.99,2024-06-10,750.0,1,0.79,3664,WILLIAM GRANT & SONS INC   
5_SUTTON_8068,5,8068,Absolut 80 Proof,1.75L,2,49.98,24.99,2024-05-03,1750.0,1,3.67,17035,PERNOD RICARD USA          
34_PITMERDEN_10581,34,10581,Fat Bastard Pnt Nr,750mL,4,47.96,11.99,2024-04-30,750.0,2,0.45,7153,PINE STATE TRADING CO      
70_KELD_43434,70,43434,Phillips Earthquake Cab Svgn,750mL,1,22.99,22.99,2024-06-17,750.0,2,0.11,4425,MARTIGNETTI COMPANIES
40_BULLMAR_3915,40,3915,Sauza Silver Tequila,750mL,2,25.98,12.99,2024-07-01,750.0,1,1.57,12546,JIM BEAM BRANDS COMPANY    
16_LUNDY_41253,16,41253,Ch St Jean Cab Svgn Cal,750mL,1,9.95,9.95,2024-02-09,750.0,2,0.11,9819,TREASURY WINE ESTATES      
34_PITMERDEN_4679,34,4679,Courvoisier VS Cognac,375mL,5,59.95,11.99,2024-11-19,375.0,1,1.97,12546,JIM BEAM BRANDS COMPANY    
71_CLARCTON_36378,71,36378,MezzaCorona Pnt Grigio,1.5L,1,9.49,9.49,2024-04-30,1500.0,2,0.22,9165,ULTRA BEVERAGE COMPANY LLP 
14_BROMWICH_3890,14,3890,Absolut Peppar,750mL,1,17.99,17.99,2024-06-10,750.0,1,0.79,17035,PERNOD RICARD USA          
41_LARNWICK_4235,41,4235,Sailor Jerry Spiced Rum,375mL,2,19.98,9.99,2024-08-11,375.0,1,0.79,3664,WILLIAM GRANT & SONS INC   
72_HARDERSFIELD_5381,72,5381,E&J Peach Brandy,50mL,2,1.98,0.99,2024-08-06,50.0,1,0.1,3252,E & J GALLO WINERY         
15_WANBORNE_6596,15,6596,Kenwood Svgn Bl Sonoma,750mL,5,49.95,9.99,2024-03-07,750.0,2,0.56,17035,PERNOD RICARD USA          
50_MOUNTMEND_5730,50,5730,Galliano L'Autentico Liqueur,50mL,1,1.99,1.99,2024-07-15,50.0,1,0.05,6213,MHW LTD                    
30_CULCHETH_28580,30,28580,Silverado Chard,750mL,1,24.99,24.99,2024-11-18,750.0,2,0.11,4425,MARTIGNETTI COMPANIES
67_EANVERNESS_35130,67,35130,C Back Goats Do Roam Rouge,750mL,2,21.98,10.99,2024-10-08,750.0,2,0.22,1587,VINEYARD BRANDS INC        
64_CESTERFIELD_24971,64,24971,Hugel Gentil White,750mL,4,55.96,13.99,2024-01-29,750.0,2,0.45,9744,FREDERICK WILDMAN & SONS   
34_PITMERDEN_23438,34,23438,Frost Bitten Ice Rsl,375mL,1,12.99,12.99,2024-12-29,375.0,2,0.06,10754,PERFECTA WINES             
34_PITMERDEN_20880,34,20880,Valmaggiore Nebbiolo d'Alba,750mL,1,46.99,46.99,2024-04-02,750.0,2,0.11,4425,MARTIGNETTI COMPANIES
2_ASHBORNE_13141,2,13141,Noble Vines 181 Merlot Lodi,750mL,1,9.99,9.99,2024-12-19,750.0,2,0.11,2242,DELICATO VINEYARDS INC     
8_ALNERWICK_1231,8,1231,Jack Daniels No 7 Black,375mL,1,12.99,12.99,2024-08-12,375.0,1,0.39,1128,BROWN-FORMAN CORP          
24_PALPERROTH_4064,24,4064,Calico Jack Pin/Coc Rum,1.75L,1,12.99,12.99,2024-10-29,1750.0,1,1.84,12546,JIM BEAM BRANDS COMPANY    
2_ASHBORNE_5103,2,5103,Fireball Cinnamon Whisky,1.75L,1,24.99,24.99,2024-06-25,1750.0,1,1.84,8004,SAZERAC CO INC             
48_NORFOLK_3893,48,3893,Zhenka 80 Proof,1.75L,1,9.99,9.99,2024-10-14,1750.0,1,1.84,9552,M S WALKER INC             
36_LEWES_8130,36,8130,Bacardi Superior Rum,50mL,2,2.58,1.29,2024-07-21,50.0,1,0.1,480,BACARDI USA INC            
15_WANBORNE_35480,15,35480,Prinz Salm Der Weib,750mL,1,15.99,15.99,2024-11-23,750.0,2,0.11,10754,PERFECTA WINES             
73_DONCASTER_12111,73,12111,LaBelle Winery Cranberry,750mL,1,15.99,15.99,2024-01-31,750.0,2,0.11,90032,LABELLE VYDS AND WINERY    
68_SOLARIS_22919,68,22919,Complicated Pnt Nr,750mL,1,18.99,18.99,2024-07-18,750.0,2,0.11,8892,TRINCHERO FAMILY ESTATES   
79_BALLYMENA_23095,79,23095,Glen Ellen Cab Svgn RSV,1.5L,3,20.97,6.99,2024-03-09,1500.0,2,0.68,9815,WINE GROUP INC             
49_GARIGILL_2663,49,2663,Dewars White Label,1.75L,14,419.86,29.99,2024-11-20,1750.0,1,25.72,480,BACARDI USA INC            
7_STANMORE_19260,7,19260,The Beach House Pinot Grigio,750mL,1,9.99,9.99,2024-04-16,750.0,2,0.11,653,STATE WINE & SPIRITS   
34_PITMERDEN_12111,34,12111,LaBelle Winery Cranberry,750mL,1,15.99,15.99,2024-11-17,750.0,2,0.11,90032,LABELLE VYDS AND WINERY    
21_BALERNO_3684,21,3684,Fleischmanns Royal Vodka,1.75L,4,39.96,9.99,2024-01-20,1750.0,1,7.35,660,SAZERAC NORTH AMERICA INC. 
75_BARNCOMBE_4245,75,4245,Bacardi Superior Rum,750mL,4,39.96,9.99,2024-07-29,750.0,1,3.15,480,BACARDI USA INC            
44_PORTHCRAWL_8491,44,8491,Forbidden Secret Dark Mocha,750mL,1,19.99,19.99,2024-05-06,750.0,1,0.79,4425,MARTIGNETTI COMPANIES
50_MOUNTMEND_32338,50,32338,Stags Leap Svgn Bl Napa,750mL,1,24.99,24.99,2024-12-22,750.0,2,0.11,8673,STE MICHELLE WINE ESTATES  
76_DONCASTER_8496,76,8496,Jadot Chardonnay,750mL,1,14.99,14.99,2024-01-10,750.0,1,0.79,4692,KOBRAND CORPORATION        
17_OLDHAM_40096,17,40096,Black Box Cab Svgn,3L,1,18.99,18.99,2024-04-15,3000.0,2,0.45,1392,CONSTELLATION BRANDS INC   
37_PAETHSMOUTH_11970,37,11970,Zaccagnini Montepulciano Rsv,750mL,2,23.9,11.95,2024-06-16,750.0,2,0.22,2000,SOUTHERN WINE & SPIRITS NE 
66_EANVERNESS_3802,66,3802,Three Olives Vodka,1.75L,15,284.85,18.99,2024-11-25,1750.0,1,27.56,7245,PROXIMO SPIRITS INC.       
66_EANVERNESS_1178,66,1178,Evan Williams Black Label B,750mL,1,11.49,11.49,2024-04-27,750.0,1,0.79,3924,HEAVEN HILL DISTILLERIES   
6_GOULCREST_3354,6,3354,Ketel One Vodka,375mL,2,29.98,14.99,2024-01-22,375.0,1,0.79,3960,DIAGEO NORTH AMERICA INC   
20_BREDWARDINE_3779,20,3779,Three Olives Cherry Vodka,750mL,3,38.97,12.99,2024-02-13,750.0,1,2.36,7245,PROXIMO SPIRITS INC.       
13_TARMSWORTH_2105,13,2105,Black Velvet Toasted Caramel,750mL,1,9.99,9.99,2024-07-07,750.0,1,0.79,1392,CONSTELLATION BRANDS INC   
6_GOULCREST_1424,6,1424,Bulleit Bourbon,375mL,1,13.99,13.99,2024-06-17,375.0,1,0.39,3960,DIAGEO NORTH AMERICA INC   
54_GUTHRAM_19055,54,19055,Wolf Blass Yllw Lbl Cab Svgn,750mL,2,19.98,9.99,2024-07-30,750.0,2,0.22,9819,TREASURY WINE ESTATES      
10_HORNSEY_7715,10,7715,Andre Extra Dry,750mL,15,89.85,5.99,2024-09-16,750.0,2,1.69,3252,E & J GALLO WINERY         
50_MOUNTMEND_1376,50,1376,Jim Beam,1.75L,8,183.92,22.99,2024-10-11,1750.0,1,14.7,12546,JIM BEAM BRANDS COMPANY    
38_GOULCREST_11826,38,11826,Cupcake Chard,750mL,6,41.94,6.99,2024-08-21,750.0,2,0.68,9815,WINE GROUP INC             
6_GOULCREST_854,6,854,Seagrams VO Canadian Whiskey,Liter,1,15.99,15.99,2024-01-18,1000.0,1,1.05,3960,DIAGEO NORTH AMERICA INC   
48_NORFOLK_7345,48,7345,M & R Asti,750mL,1,9.99,9.99,2024-07-17,750.0,2,0.11,480,BACARDI USA INC            
27_MOUNTMEND_1345,27,1345,Basil Hayden Bourbon,750mL,1,37.99,37.99,2024-03-09,750.0,1,0.79,12546,JIM BEAM BRANDS COMPANY    
5_SUTTON_7878,5,7878,Allens Coffee Brandy,1.75L,1,15.99,15.99,2024-03-23,1750.0,1,1.84,9552,M S WALKER INC             
33_HORNSEY_1955,33,1955,Jack Daniels Tennessee Honey,375mL,1,12.99,12.99,2024-07-27,375.0,1,0.39,1128,BROWN-FORMAN CORP          
59_CLAETHORPES_3802,59,3802,Three Olives Vodka,1.75L,8,143.92,17.99,2024-04-16,1750.0,1,14.7,7245,PROXIMO SPIRITS INC.       
23_ARBINGTON_4113,23,4113,Capt Morgan White,50mL,5,4.95,0.99,2024-10-27,50.0,1,0.26,3960,DIAGEO NORTH AMERICA INC   
50_MOUNTMEND_28070,50,28070,Sutter Home Moscato Cal,1.5L,1,9.99,9.99,2024-04-07,1500.0,2,0.22,8892,TRINCHERO FAMILY ESTATES   
1_HARDERSFIELD_5316,1,5316,Amaretto DiSaronno,50mL,3,6.87,2.29,2024-07-11,50.0,1,0.16,2555,DISARONNO INTERNATIONAL LLC
59_CLAETHORPES_2445,59,2445,Seagrams VO,750mL,3,35.97,11.99,2024-07-20,750.0,1,2.36,3960,DIAGEO NORTH AMERICA INC   
60_IRRAGIN_1373,60,1373,Jim Beam Honey,750mL,2,29.98,14.99,2024-12-10,750.0,1,1.57,12546,JIM BEAM BRANDS COMPANY    
30_CULCHETH_5381,30,5381,E&J Peach Brandy,50mL,2,1.98,0.99,2024-05-27,50.0,1,0.1,3252,E & J GALLO WINERY         
20_BREDWARDINE_7996,20,7996,Stock Italian Sweet Vermouth,750mL,1,6.49,6.49,2024-09-18,750.0,2,0.11,8352,LUXCO INC                  
59_CLAETHORPES_1767,59,1767,Buffalo Trace Bourbon,750mL,3,77.97,25.99,2024-12-31,750.0,1,2.36,8004,SAZERAC CO INC             
73_DONCASTER_28138,73,28138,Columbia Crest Grand Chard,750mL,2,15.9,7.95,2024-03-04,750.0,2,0.22,8673,STE MICHELLE WINE ESTATES  
44_PORTHCRAWL_8398,44,8398,Casamigos Blanco,750mL,1,46.99,46.99,2024-07-31,750.0,1,0.79,6213,MHW LTD                    
59_CLAETHORPES_8788,59,8788,Stolichnaya,50mL,4,7.96,1.99,2024-05-11,50.0,1,0.21,8664,"STOLI GROUP,(USA) LLC      "
76_DONCASTER_11037,76,11037,Beringer Classic Cab Svgn,750mL,1,5.99,5.99,2024-07-26,750.0,2,0.11,9819,TREASURY WINE ESTATES      
20_BREDWARDINE_42735,20,42735,Magnificent Wine Co House Re,750mL,1,10.99,10.99,2024-12-28,750.0,2,0.11,10754,PERFECTA WINES             
10_HORNSEY_4783,10,4783,Mr Boston Apricot Brandy,1.75L,1,13.99,13.99,2024-06-29,1750.0,1,1.84,660,SAZERAC NORTH AMERICA INC. 
34_PITMERDEN_5676,34,5676,Kinky Liqueur,50mL,4,7.96,1.99,2024-01-09,50.0,1,0.21,7153,PINE STATE TRADING CO      
31_HORNSEY_3489,31,3489,Tanqueray,1.75L,1,28.99,28.99,2024-07-13,1750.0,1,1.84,3960,DIAGEO NORTH AMERICA INC   
67_EANVERNESS_4779,67,4779,Molletto Grappa di Barbera,750mL,1,29.99,29.99,2024-04-02,750.0,1,0.79,4848,LAIRD & CO                 
67_EANVERNESS_24593,67,24593,Bodegas La Cartuja Priorat,750mL,2,39.98,19.99,2024-07-22,750.0,2,0.22,10754,PERFECTA WINES             
64_CESTERFIELD_41072,64,41072,Angeline Pnt Nr Rsv,750mL,2,27.98,13.99,2024-10-25,750.0,2,0.22,9552,M S WALKER INC             
37_PAETHSMOUTH_4359,37,4359,Mr Boston Light Rum,1.75L,1,10.99,10.99,2024-04-09,1750.0,1,1.84,660,SAZERAC NORTH AMERICA INC. 
1_HARDERSFIELD_2686,1,2686,AnCnoc 12 Yr Old Scotch,750mL,2,75.98,37.99,2024-10-21,750.0,1,1.57,8004,SAZERAC CO INC             
38_GOULCREST_32989,38,32989,Barefoot Cab Svgn Cal,1.5L,1,11.99,11.99,2024-02-19,1500.0,2,0.22,3252,E & J GALLO WINERY         
44_PORTHCRAWL_5191,44,5191,Fireball Cinnamon Whiskey,375mL,1,9.99,9.99,2024-07-24,375.0,1,0.39,8004,SAZERAC CO INC             
43_WOLFORD_3310,43,3310,Pinnacle Vodka,375mL,2,11.98,5.99,2024-11-01,375.0,1,0.79,12546,JIM BEAM BRANDS COMPANY    
39_EASTHALLOW_2752,39,2752,Johnnie Walker Black Label,750mL,2,79.98,39.99,2024-07-22,750.0,1,1.57,3960,DIAGEO NORTH AMERICA INC   
2_ASHBORNE_2587,2,2587,Jameson Irish Whiskey,375mL,1,17.49,17.49,2024-12-04,375.0,1,0.39,17035,PERNOD RICARD USA          
37_PAETHSMOUTH_6748,37,6748,Turning Leaf RSV Chard Cal,750mL,1,5.99,5.99,2024-11-28,750.0,2,0.11,3252,E & J GALLO WINERY         
48_NORFOLK_8112,48,8112,Stolichnaya,1.75L,5,129.95,25.99,2024-09-20,1750.0,1,9.19,8664,"STOLI GROUP,(USA) LLC      "
72_HARDERSFIELD_21951,72,21951,Ruffino Aziano Chianti Clsc,750mL,2,25.98,12.99,2024-12-26,750.0,2,0.22,1392,CONSTELLATION BRANDS INC   
77_TAMWORTH_2872,77,2872,Ashuelot Gin,750mL,1,31.99,31.99,2024-11-20,750.0,1,0.79,172662,SWEETWATER FARM         
20_BREDWARDINE_4291,20,4291,Ronrico Gold,1.75L,1,12.99,12.99,2024-02-27,1750.0,1,1.84,12546,JIM BEAM BRANDS COMPANY    
41_LARNWICK_19453,41,19453,Wente Southern Hill Cab Svgn,750mL,1,13.99,13.99,2024-04-02,750.0,2,0.11,2000,SOUTHERN WINE & SPIRITS NE 
73_DONCASTER_2932,73,2932,Jameson Black Barrel,750mL,1,31.99,31.99,2024-11-29,750.0,1,0.79,17035,PERNOD RICARD USA          
15_WANBORNE_2026,15,2026,Camarena Silver Tequila,750mL,2,37.98,18.99,2024-08-05,750.0,1,1.57,3252,E & J GALLO WINERY         
72_HARDERSFIELD_7995,72,7995,Patron Reposado Tequila,50mL,2,12.98,6.49,2024-06-16,50.0,1,0.1,9165,ULTRA BEVERAGE COMPANY LLP 
9_BLACKPOOL_2177,9,2177,Canadian Hunter Rye,50mL,1,0.99,0.99,2024-07-30,50.0,1,0.05,8004,SAZERAC CO INC             
23_ARBINGTON_22014,23,22014,Foss Marai Prosecco,750mL,2,33.98,16.99,2024-04-08,750.0,2,0.22,90024,VINILANDIA USA             
30_CULCHETH_4187,30,4187,Kraken Black Spiced Rum,750mL,1,19.99,19.99,2024-05-27,750.0,1,0.79,7245,PROXIMO SPIRITS INC.       
2_ASHBORNE_3643,2,3643,Caldwells Vodka,1.75L,2,18.98,9.49,2024-09-09,1750.0,1,3.67,9552,M S WALKER INC             
52_GRAYCOTT_34427,52,34427,Frei Bros RSV Cab Svgn Alex,750mL,1,20.99,20.99,2024-11-22,750.0,2,0.11,3252,E & J GALLO WINERY         
61_AETHELNEY_6249,61,6249,Rodney Strong Chard,750mL,1,10.95,10.95,2024-10-22,750.0,2,0.11,4425,MARTIGNETTI COMPANIES
2_ASHBORNE_523,2,523,Castello Del Poggio Moscato,750mL,4,39.96,9.99,2024-09-30,750.0,2,0.45,4425,MARTIGNETTI COMPANIES
59_CLAETHORPES_13430,59,13430,Agua de Piedra Malbec Selccn,750mL,1,10.99,10.99,2024-11-17,750.0,2,0.11,7153,PINE STATE TRADING CO      
71_CLARCTON_12771,71,12771,Joel Gott Cab Svgn 815,750mL,2,25.98,12.99,2024-05-04,750.0,2,0.22,8892,TRINCHERO FAMILY ESTATES   
23_ARBINGTON_508,23,508,Bacardi Superior Rum,Liter,1,12.99,12.99,2024-05-02,1000.0,1,1.05,480,BACARDI USA INC            
6_GOULCREST_33874,6,33874,Bella Sera Pinot Grigio Del,1.5L,1,9.99,9.99,2024-01-16,1500.0,2,0.22,3252,E & J GALLO WINERY         
27_MOUNTMEND_17073,27,17073,Tomaiolo Pinot Grigio,750mL,1,9.99,9.99,2024-09-09,750.0,2,0.11,7153,PINE STATE TRADING CO      
60_IRRAGIN_8840,60,8840,Burnetts Gin,1.75L,3,35.97,11.99,2024-12-08,1750.0,1,5.51,3924,HEAVEN HILL DISTILLERIES   
